Date, Element No, Used interval, SM16 Interval (new), SM17 Interval (new), SM17/SM16 Interval ratio, R (SM16), R (SM17)(exp), R (SM17), Grade, Success, abs RM16, abs RM17 (expected), abs RM17 (predicted), abs R-Metric, sqr R-Metric, Title,
Aug 01 2024 13:49:51,25,1,2,4,1.8,0.975,0.972,0.972,4,1,0.0246,0.0283,0.0283,-0.0037,-0.0002,在你输入完问题后，你可以按 [.] 移动到答案区继续输入。
Aug 01 2024 13:50:02,14,1,2,1,0.55,0.945,0.971,0.971,2,0,0.9452,0.9711,0.9711,-0.0259,-0.0497,使用 SuperMemo，你只需要记得两个快捷键：  Alt+A - 添加新的问题和回答（新增）  [.] - 重复要学习的材料（学习）
Aug 01 2024 13:50:08,15,1,2,1,0.5,0.943,0.97,0.97,2,0,0.9427,0.9705,0.9705,-0.0278,-0.0532,使用 SuperMemo，你只需要记得两个快捷键：  [.] - 添加新的问题和回答（新增）  Ctrl+L - 重复要学习的材料（学习）
8月 01 2024 23:19:26,30,1,8,3,0.42,0.94,0.956,0.956,4,1,0.0595,0.0444,0.0444,0.0152,0.0016,SuperMemo 会让你复习多少次
8月 01 2024 23:19:55,49,1,3,6,1.95,0.938,0.955,0.955,3,1,0.0615,0.0448,0.0448,0.0167,0.0018,选中[.]，并按下（Alt+Z），可创建问答卡片（完型填空）
Aug 02 2024 10:55:01,11,2,4,2,0.42,0.877,0.936,0.936,3,1,0.1227,0.0636,0.0636,0.059,0.011,在你点击学习按钮后，你将要遍历所有被安排到今天复习的材料。按[.]查看下一张卡片。
Aug 02 2024 10:55:04,152,2,4,9,2.34,0.874,0.935,0.935,3,1,0.1258,0.0647,0.0647,0.0611,0.0116,SuperMemo就像[.]：你不能把它留给别人。你不能买知识，你必须有规律的让它进入你的记忆之中。
Aug 02 2024 10:55:13,14,1,2,4,2.02,0.951,0.912,0.912,4,1,0.0489,0.0884,0.0884,-0.0395,-0.0054,使用 SuperMemo，你只需要记得两个快捷键：  Alt+A - 添加新的问题和回答（新增）  [.] - 重复要学习的材料（学习）
Aug 02 2024 10:55:24,16,2,4,3,0.81,0.905,0.934,0.934,4,1,0.0949,0.0663,0.0663,0.0286,0.0046,使用 SuperMemo，你只需要记得两个快捷键：  Alt+A - 添加新的问题和回答（新增）  Ctrl+L - [.]要学习的材料（学习）
Aug 02 2024 10:55:28,15,1,2,1,0.52,0.954,0.912,0.93,4,1,0.0462,0.0884,0.0699,-0.0237,-0.0028,使用 SuperMemo，你只需要记得两个快捷键：  [.] - 添加新的问题和回答（新增）  Ctrl+L - 重复要学习的材料（学习）
Aug 02 2024 10:55:41,6,2,4,3,0.83,0.911,0.933,0.933,4,1,0.0893,0.0674,0.0674,0.0218,0.0034,SuperMemo 会经常请你给句子填空。
Aug 03 2024 07:35:17,38,3,5,4,0.86,0.878,0.899,0.899,3,1,0.1217,0.1014,0.1014,0.0203,0.0045,导入一篇网络文章到 SuperMemo：  在你的网页浏览器，复制选中的文本（[.]）  在 SuperMemo，点击（Ctrl+N）
Aug 03 2024 07:35:31,53,3,2,1,0.5,0.86,0.897,0.897,2,0,0.8604,0.8972,0.8972,-0.0368,-0.0646,在你创建一个完型填空后，你可以点击按钮，或按下[.]查看你挖空的结果
Aug 03 2024 07:35:39,50,3,7,5,0.68,0.856,0.896,0.896,4,1,0.1436,0.1044,0.1044,0.0392,0.0097,选中关键词，并按下[.]，可创建问答卡片（完型填空）
Aug 03 2024 07:36:55,40,3,7,6,0.82,0.853,0.894,0.894,4,1,0.1473,0.1062,0.1062,0.0411,0.0104,导入一篇网络文章到 SuperMemo：  在你的[.]，复制选中的文本（Ctrl+C）  在 SuperMemo，点击（Ctrl+N）
Aug 03 2024 07:36:58,7,3,7,5,0.69,0.862,0.892,0.892,4,1,0.1377,0.1082,0.1082,0.0295,0.0072,重复是对抗[.]的关键武器
Aug 03 2024 07:37:18,28,3,5,6,1.2,0.87,0.89,0.89,3,1,0.1297,0.1096,0.1096,0.0201,0.0048,如果你[.]（点击学习按钮），SuperMemo 能确保你记住 95% 学过的内容。每天只有很小比例学习材料会被安排复习。如果你想要确保 95% 的保留率，这个比例是必要的。
Aug 03 2024 07:37:29,23,3,5,7,1.43,0.877,0.889,0.889,3,1,0.1228,0.1112,0.1112,0.0116,0.0027,你可以按下[.]（快捷键）在之前浏览过的卡片列表上前进. 注：就像在网页浏览器里面那样
Aug 03 2024 07:37:37,22,3,5,12,2.35,0.883,0.887,0.887,3,1,0.1168,0.1128,0.1128,0.004,0.0009,你可以点击[.]按钮回到浏览的上一张卡片   你也可以按下 Alt+?? 实现同样的效果  反过来，你可以按下 Alt+?? 在之前浏览过的卡片列表上前进（就像在网页浏览器里面那样）  注：现在就试试！先按下 Alt+?? 然后按下 Alt+?? 回到当前卡片。
Aug 03 2024 07:37:46,20,3,7,3,0.49,0.889,0.886,0.886,4,1,0.1114,0.1144,0.1144,-0.0031,-0.0007,什么时候你会复习一段已经学过的知识？（点击正确答案，并在窗口底部检查 SuperMemo 给出的评分）
Aug 03 2024 09:03:19,30,2,4,36,8.9,0.925,0.995,0.995,4,1,0.0751,0.0053,0.0053,0.0698,0.0056,SuperMemo 会让你复习多少次
Aug 03 2024 09:07:49,49,2,6,42,7.01,0.905,0.995,0.995,4,1,0.0955,0.0053,0.0054,0.0901,0.0091,选中[.]，并按下（Alt+Z），可创建问答卡片（完型填空）
Aug 04 2024 11:41:50,53,1,2,3,1.49,0.961,0.884,0.917,4,1,0.0388,0.1161,0.0828,-0.0441,-0.0054,在你创建一个完型填空后，你可以点击按钮，或按下[.]查看你挖空的结果
Aug 04 2024 11:43:34,15,2,3,10,3.32,0.905,0.917,0.917,4,1,0.0955,0.083,0.083,0.0125,0.0022,使用 SuperMemo，你只需要记得两个快捷键：  [.] - 添加新的问题和回答（新增）  Ctrl+L - 重复要学习的材料（学习）
Aug 04 2024 12:12:58,9,4,10,5,0.48,0.872,0.834,0.834,4,1,0.1276,0.1657,0.1657,-0.0381,-0.0112,任何你使用 SuperMemo 学习的材料都会回来找你，让你复习和重复。每一天，你需要复习安排好的部分学习材料。按下 Ctrl+L，或点击[.]按钮  让我们再测试一次！（按下回车）
Aug 04 2024 12:13:02,25,3,5,26,5.12,0.877,0.988,0.987,4,1,0.1234,0.0124,0.0126,0.1108,0.0151,在你输入完问题后，你可以按 [.] 移动到答案区继续输入。
Aug 04 2024 12:13:13,23,1,7,50,7.17,0.985,0.996,0.996,4,1,0.0145,0.0035,0.0042,0.0103,0.0002,你可以按下[.]（快捷键）在之前浏览过的卡片列表上前进. 注：就像在网页浏览器里面那样
Aug 04 2024 12:13:17,40,1,6,45,7.44,0.99,0.996,0.996,4,1,0.0097,0.0035,0.0042,0.0055,0.0001,导入一篇网络文章到 SuperMemo：  在你的[.]，复制选中的文本（Ctrl+C）  在 SuperMemo，点击（Ctrl+N）
Aug 04 2024 12:13:20,41,4,8,6,0.72,0.881,0.832,0.832,4,1,0.1191,0.1676,0.1676,-0.0484,-0.0139,导入一篇网络文章到 SuperMemo：  在你的网页浏览器，复制选中的文本（Ctrl+C）  在[.]，点击（Ctrl+N）
Aug 04 2024 12:13:23,39,4,9,7,0.8,0.888,0.83,0.918,4,1,0.1119,0.1698,0.0819,0.03,0.0058,导入一篇网络文章到 SuperMemo：  在你的网页浏览器，复制选中的文本（Ctrl+C）  在 SuperMemo，点击[.]）
Aug 04 2024 12:13:25,38,1,5,27,5.48,0.985,0.996,0.996,4,1,0.0145,0.0035,0.0042,0.0103,0.0002,导入一篇网络文章到 SuperMemo：  在你的网页浏览器，复制选中的文本（[.]）  在 SuperMemo，点击（Ctrl+N）
Aug 04 2024 12:13:30,11,2,4,51,12.86,0.957,0.993,0.994,4,1,0.043,0.0069,0.006,0.0369,0.0018,在你点击学习按钮后，你将要遍历所有被安排到今天复习的材料。按[.]查看下一张卡片。
Aug 04 2024 12:13:59,52,4,8,9,1.08,0.894,0.828,0.917,4,1,0.1056,0.1717,0.0828,0.0227,0.0043,在你创建一个完型填空后，你可以点击[.]按钮，或按下Alt+??查看你挖空的结果
Aug 04 2024 12:14:04,49,1,42,27,0.64,0.971,0.996,0.996,3,1,0.0288,0.0036,0.0044,0.0245,0.0008,选中[.]，并按下（Alt+Z），可创建问答卡片（完型填空）
Aug 04 2024 12:14:50,33,4,8,6,0.69,0.9,0.826,0.916,4,1,0.1,0.1743,0.084,0.016,0.0029,你可以按 [.] 排除一张你不想学习的卡片
Aug 04 2024 12:21:00,6,2,4,30,7.52,0.965,0.993,0.994,4,1,0.0345,0.0069,0.0058,0.0287,0.0012,SuperMemo 会经常请你给句子填空。
Aug 05 2024 20:39:33,236,1,2,4,1.96,0.974,0.943,0.971,4,1,0.0256,0.0565,0.0291,-0.0034,-0.0002,这种通过「提取以掌握」的现象也被称为[.]因为往往发生在做自我测试时，故此得名。它形似学校考试，目的上又有所相反: 「提取练习」是为了从测试中进行学习，而非「评估」学习成果。
Aug 05 2024 20:39:37,197,1,2,7,3.6,0.975,0.943,0.971,4,1,0.0254,0.0569,0.0292,-0.0038,-0.0002,问题:通过[提取以手段来掌握知识]的现象称为什么？  [.]
Aug 06 2024 20:18:40,29,6,14,15,1.07,0.872,0.723,0.868,4,1,0.1276,0.2768,0.1318,-0.0043,-0.0011,如果你每天都完成复习（点击学习按钮），SuperMemo 能确保你记住 [.] 学过的内容。每天只有很小比例学习材料会被安排复习。如果你想要确保 95% 的保留率，这个比例是必要的。
Aug 06 2024 20:18:49,14,4,4,3,0.79,0.818,0.829,0.843,2,0,0.8182,0.8293,0.8428,-0.0247,-0.041,使用 SuperMemo，你只需要记得两个快捷键：  Alt+A - 添加新的问题和回答（新增）  [.] - 重复要学习的材料（学习）
Aug 06 2024 20:18:53,16,4,7,38,5.43,0.932,0.985,0.991,3,1,0.0678,0.0147,0.0086,0.0593,0.0045,使用 SuperMemo，你只需要记得两个快捷键：  Alt+A - 添加新的问题和回答（新增）  Ctrl+L - [.]要学习的材料（学习）
Aug 06 2024 20:19:07,17,6,14,16,1.14,0.885,0.72,0.867,4,1,0.1155,0.2801,0.1334,-0.0179,-0.0045,使用 SuperMemo，你只需要记得两个快捷键：  Alt+A - [.]新的问题和回答（新增）  Ctrl+L - 重复要学习的材料（学习）
Aug 07 2024 23:33:08,53,3,5,8,1.57,0.877,0.898,0.898,4,1,0.1234,0.102,0.102,0.0214,0.0048,在你创建一个完型填空后，你可以点击按钮，或按下[.]查看你挖空的结果
Aug 08 2024 18:00:04,50,5,10,47,4.74,0.952,0.984,0.991,4,1,0.0476,0.0157,0.0086,0.0391,0.0022,选中关键词，并按下[.]，可创建问答卡片（完型填空）
Aug 08 2024 18:00:08,20,5,9,37,4.14,0.948,0.984,0.991,4,1,0.0518,0.0156,0.0085,0.0433,0.0026,什么时候你会复习一段已经学过的知识？（点击正确答案，并在窗口底部检查 SuperMemo 给出的评分）
Aug 08 2024 18:00:11,7,5,10,49,4.87,0.952,0.984,0.991,4,1,0.0476,0.0156,0.0085,0.0391,0.0022,重复是对抗[.]的关键武器
Aug 09 2024 10:16:08,236,4,6,43,7.25,0.839,0.986,0.992,3,1,0.161,0.0136,0.0079,0.1532,0.0259,这种通过「提取以掌握」的现象也被称为[.]因为往往发生在做自我测试时，故此得名。它形似学校考试，目的上又有所相反: 「提取练习」是为了从测试中进行学习，而非「评估」学习成果。
Aug 09 2024 10:16:11,28,6,9,78,8.63,0.916,0.982,0.991,3,1,0.0841,0.0176,0.0088,0.0752,0.007,如果你[.]（点击学习按钮），SuperMemo 能确保你记住 95% 学过的内容。每天只有很小比例学习材料会被安排复习。如果你想要确保 95% 的保留率，这个比例是必要的。
Aug 09 2024 10:16:55,14,3,5,4,0.75,0.934,0.762,0.867,3,1,0.0664,0.2382,0.1327,-0.0662,-0.0132,使用 SuperMemo，你只需要记得两个快捷键：  Alt+A - 添加新的问题和回答（新增）  [.] - 重复要学习的材料（学习）
8月 10 2024 23:05:57,41,6,11,41,3.75,0.953,0.984,0.991,3,1,0.0468,0.016,0.0087,0.0381,0.0021,导入一篇网络文章到 SuperMemo：  在你的网页浏览器，复制选中的文本（Ctrl+C）  在[.]，点击（Ctrl+N）
8月 10 2024 23:06:09,9,6,11,64,5.84,0.953,0.984,0.992,4,1,0.0468,0.016,0.0083,0.0384,0.0021,任何你使用 SuperMemo 学习的材料都会回来找你，让你复习和重复。每一天，你需要复习安排好的部分学习材料。按下 Ctrl+L，或点击[.]按钮  让我们再测试一次！（按下回车）
8月 10 2024 23:06:28,33,6,11,62,5.62,0.949,0.984,0.992,4,1,0.0513,0.016,0.0081,0.0432,0.0026,你可以按 [.] 排除一张你不想学习的卡片
Aug 11 2024 18:19:56,39,7,5,3,0.68,0.946,0.982,0.992,2,0,0.9457,0.982,0.9916,-0.046,-0.0891,导入一篇网络文章到 SuperMemo：  在你的网页浏览器，复制选中的文本（Ctrl+C）  在 SuperMemo，点击[.]）
Aug 12 2024 23:53:03,197,7,13,28,2.19,0.735,0.973,0.988,3,1,0.2646,0.0271,0.0117,0.2529,0.0699,问题:通过[提取以手段来掌握知识]的现象称为什么？  [.]
Aug 13 2024 14:40:08,52,9,18,63,3.48,0.931,0.977,0.99,4,1,0.0693,0.0225,0.0095,0.0598,0.0047,在你创建一个完型填空后，你可以点击[.]按钮，或按下Alt+??查看你挖空的结果
Aug 13 2024 14:40:24,221,3,5,6,1.22,0.948,0.866,0.935,3,1,0.0516,0.1339,0.0651,-0.0135,-0.0016,如何制卡，我们的大脑的神经元，更喜欢通过什么方式获取知识？ [.]
Aug 14 2024 12:21:46,39,3,6,5,0.82,0.943,0.748,0.88,4,1,0.0565,0.2516,0.1201,-0.0636,-0.0112,导入一篇网络文章到 SuperMemo：  在你的网页浏览器，复制选中的文本（Ctrl+C）  在 SuperMemo，点击[.]）
Aug 14 2024 12:21:51,14,5,8,11,1.4,0.92,0.909,0.909,4,1,0.0802,0.0906,0.0906,-0.0104,-0.0018,使用 SuperMemo，你只需要记得两个快捷键：  Alt+A - 添加新的问题和回答（新增）  [.] - 重复要学习的材料（学习）
Aug 14 2024 12:22:01,15,10,21,8,0.4,0.746,0.806,0.806,4,1,0.2537,0.1939,0.1939,0.0598,0.0268,使用 SuperMemo，你只需要记得两个快捷键：  [.] - 添加新的问题和回答（新增）  Ctrl+L - 重复要学习的材料（学习）
Aug 15 2024 12:29:34,53,8,12,14,1.18,0.89,0.907,0.927,3,1,0.1105,0.0928,0.0733,0.0372,0.0068,在你创建一个完型填空后，你可以点击按钮，或按下[.]查看你挖空的结果
Aug 15 2024 12:29:38,22,12,18,74,4.09,0.839,0.965,0.987,3,1,0.161,0.0347,0.0133,0.1477,0.0258,你可以点击[.]按钮回到浏览的上一张卡片   你也可以按下 Alt+?? 实现同样的效果  反过来，你可以按下 Alt+?? 在之前浏览过的卡片列表上前进（就像在网页浏览器里面那样）  注：现在就试试！先按下 Alt+?? 然后按下 Alt+?? 回到当前卡片。
Aug 15 2024 12:29:45,160,2,4,3,0.74,0.966,0.919,0.959,4,1,0.0336,0.0814,0.0406,-0.0071,-0.0005,在日常生活中经常出现的网络是？ [.]
Aug 16 2024 23:32:49,164,3,6,6,1.06,0.951,0.845,0.925,4,1,0.0489,0.1546,0.0748,-0.0259,-0.0032,有三大类大家很熟悉的网络，即电信网络、有线电视网络 和计算机网络 。按照最初的服务分工，电信网络向用户提供电话、电报及传真等服务。有线电视网络向用户传送各种电视节目。计算机网络则使用户能够在计算机之间传送数据文件。这三种网络在信息化过程中都起到十分重要的作用，但其中发展最快的并起到核心作用的则是计算机网络，而这正是本书所要讨论的内容。 .
Aug 19 2024 14:31:03,39,5,8,10,1.23,0.937,0.912,0.942,4,1,0.063,0.0876,0.0576,0.0054,0.0006,导入一篇网络文章到 SuperMemo：  在你的网页浏览器，复制选中的文本（Ctrl+C）  在 SuperMemo，点击[.]）
Aug 19 2024 14:31:31,221,6,6,2,0.41,0.89,0.983,0.992,2,0,0.8895,0.9831,0.9917,-0.1021,-0.1921,如何制卡，我们的大脑的神经元，更喜欢通过什么方式获取知识？ [.]
Aug 20 2024 23:04:23,124,1,2,8,3.85,0.984,0.967,0.982,4,1,0.0165,0.033,0.0181,-0.0016,-0.0001,无论个体还是群体，人类的安全感都源于自己在[.]：或能力，或财富，或权力，或影响力。
Aug 21 2024 19:13:08,29,15,32,115,3.6,0.923,0.97,0.989,4,1,0.0767,0.0297,0.0106,0.0661,0.0058,如果你每天都完成复习（点击学习按钮），SuperMemo 能确保你记住 [.] 学过的内容。每天只有很小比例学习材料会被安排复习。如果你想要确保 95% 的保留率，这个比例是必要的。
Aug 21 2024 19:13:21,221,2,3,8,2.75,0.964,0.793,0.912,3,1,0.0361,0.2065,0.088,-0.0519,-0.0064,如何制卡，我们的大脑的神经元，更喜欢通过什么方式获取知识？ [.]
Aug 22 2024 13:16:18,17,16,34,100,2.94,0.918,0.969,0.989,4,1,0.0816,0.0311,0.0105,0.0711,0.0066,使用 SuperMemo，你只需要记得两个快捷键：  Alt+A - [.]新的问题和回答（新增）  Ctrl+L - 重复要学习的材料（学习）
Aug 23 2024 14:37:52,164,2,3,9,2.96,0.968,0.901,0.951,3,1,0.0317,0.0989,0.0488,-0.0171,-0.0014,舒适区边缘另一个重要的规律是它揭示了能力成长的普遍法则：无论个体还是群体，其能力都以“舒适区―拉伸区[2]―困难区”的形式分布，要想让自己高效成长，必须让自己始终处于[.]，贸然跨到困难区会让自己受挫，而始终停留在舒适区会让自己停滞 #Title: 未知 : 上篇　内观自己，摆脱焦虑 #Date: Imported on Aug 18_ 2024 .
Aug 24 2024 20:43:45,264,1,2,4,1.94,0.984,0.93,0.964,3,1,0.0159,0.0704,0.0355,-0.0196,-0.001,这个规律表明，学习进展与时间的是一种[.]
Aug 24 2024 20:43:52,204,3,5,7,1.37,0.954,0.835,0.92,3,1,0.046,0.1651,0.0797,-0.0337,-0.0042,人的天性就是[.]
Aug 24 2024 20:44:09,125,2,5,2,0.42,0.961,0.885,0.943,2,0,0.9609,0.8845,0.9435,0.0175,0.0333,小明:有些书就是很难读，有些文章就是很难写，有些知识就是很难懂，有些技能就是很难学……真正能让你变强的东西，其核心困难是无法回避的，不下决心与之死磕，始终在周围打转，时间越长越焦虑。 小明这是产生了什么？[.]
Aug 25 2024 14:36:04,14,11,18,13,0.71,0.873,0.895,0.895,4,1,0.1269,0.105,0.105,0.0219,0.0051,使用 SuperMemo，你只需要记得两个快捷键：  Alt+A - 添加新的问题和回答（新增）  [.] - 重复要学习的材料（学习）
Aug 26 2024 08:07:35,125,2,3,3,0.95,0.957,0.856,0.944,3,1,0.0425,0.1439,0.0562,-0.0136,-0.0013,小明:有些书就是很难读，有些文章就是很难写，有些知识就是很难懂，有些技能就是很难学……真正能让你变强的东西，其核心困难是无法回避的，不下决心与之死磕，始终在周围打转，时间越长越焦虑。 小明这是产生了什么？[.]
Aug 28 2024 07:21:18,264,4,5,24,4.82,0.791,0.987,0.993,3,1,0.2087,0.0127,0.0071,0.2016,0.0435,这个规律表明，学习进展与时间的是一种[.]
Aug 28 2024 07:21:31,139,4,7,15,2.11,0.928,0.813,0.92,3,1,0.0724,0.1874,0.0801,-0.0077,-0.0012,在《认知觉醒》中，提到了认知的模糊是来自与什么原因？ [.]
Aug 28 2024 07:21:38,124,8,20,31,1.57,0.669,0.967,0.988,4,1,0.3306,0.0331,0.0123,0.3183,0.1091,无论个体还是群体，人类的安全感都源于自己在[.]：或能力，或财富，或权力，或影响力。
Aug 28 2024 07:22:47,15,14,25,36,1.45,0.952,0.906,0.906,4,1,0.048,0.0943,0.0943,-0.0463,-0.0066,使用 SuperMemo，你只需要记得两个快捷键：  [.] - 添加新的问题和回答（新增）  Ctrl+L - 重复要学习的材料（学习）
Aug 29 2024 18:32:54,53,14,20,26,1.3,0.891,0.902,0.923,4,1,0.1093,0.098,0.0773,0.032,0.006,在你创建一个完型填空后，你可以点击按钮，或按下[.]查看你挖空的结果
Aug 29 2024 18:33:00,39,10,26,21,0.8,0.905,0.901,0.935,5,1,0.0955,0.0987,0.0647,0.0308,0.0049,导入一篇网络文章到 SuperMemo：  在你的网页浏览器，复制选中的文本（Ctrl+C）  在 SuperMemo，点击[.]）
Aug 29 2024 18:33:43,261,1,2,4,1.83,0.981,0.915,0.962,4,1,0.0186,0.0854,0.0381,-0.0195,-0.0011,作者周岭创建  的概念-元时间-是指 [.]
Aug 29 2024 18:34:10,221,8,16,9,0.56,0.818,0.862,0.862,4,1,0.1818,0.1384,0.1384,0.0434,0.0139,如何制卡，我们的大脑的神经元，更喜欢通过什么方式获取知识？ [.]
Aug 30 2024 15:57:14,194,1,2,1,0.74,0.981,0.947,0.975,4,1,0.0186,0.0535,0.025,-0.0064,-0.0003,娱乐热点并非没有价值，浅层知识也同样具有意义，但前提是你需要具备[.]
Aug 30 2024 15:57:31,125,4,6,9,1.51,0.89,0.899,0.934,4,1,0.1105,0.1012,0.0662,0.0442,0.0078,小明:有些书就是很难读，有些文章就是很难写，有些知识就是很难懂，有些技能就是很难学……真正能让你变强的东西，其核心困难是无法回避的，不下决心与之死磕，始终在周围打转，时间越长越焦虑。 小明这是产生了什么？[.]
Aug 30 2024 15:57:41,271,2,4,4,0.96,0.963,0.896,0.954,4,1,0.0366,0.1044,0.0459,-0.0093,-0.0008,在实现目标的过程中，遇到的问题太大，模糊，太困难，该如何？ [.]
Aug 30 2024 15:57:56,248,1,2,4,1.93,0.982,0.946,0.975,3,1,0.0185,0.0544,0.0253,-0.0069,-0.0003,老师先示范左手，再示范右手，再合起来弹一遍，让我大概知道这一首曲子出来是什么样子。接下来一周我就要努力练成这样子，周末的时候验收。不通过，继续练，通过，再到下一首曲子。如此循环两年，最后练成的曲子直接达到十级。在学习过程当中，完全不接触音乐理论。 .
Aug 30 2024 15:58:37,25,26,60,84,1.4,0.616,0.93,0.979,4,1,0.3838,0.0701,0.0207,0.3631,0.1469,在你输入完问题后，你可以按 [.] 移动到答案区继续输入。
Aug 31 2024 10:19:42,38,27,53,48,0.91,0.145,0.927,0.979,5,1,0.8554,0.0733,0.0215,0.8339,0.7312,导入一篇网络文章到 SuperMemo：  在你的网页浏览器，复制选中的文本（[.]）  在 SuperMemo，点击（Ctrl+N）
Aug 31 2024 10:19:54,204,7,12,54,4.5,0.872,0.983,0.992,4,1,0.1277,0.0172,0.0078,0.1199,0.0162,人的天性就是[.]
Aug 31 2024 10:19:58,49,27,49,44,0.9,0.119,0.916,0.916,3,1,0.881,0.0844,0.0844,0.7966,0.769,选中[.]，并按下（Alt+Z），可创建问答卡片（完型填空）
Sep 01 2024 10:00:59,194,2,4,33,8.36,0.916,0.993,0.995,4,1,0.0841,0.0072,0.0055,0.0786,0.007,娱乐热点并非没有价值，浅层知识也同样具有意义，但前提是你需要具备[.]
Sep 01 2024 10:01:14,172,4,7,8,1.17,0.93,0.799,0.914,3,1,0.0696,0.2014,0.0859,-0.0162,-0.0025,过度的依靠“打卡学习”等方式的就是导致 [.] 例如:刚开始背单词20个每天，是为了 以后 通过考试，但是，在 往后你的学习目标就变成了背诵这20个单词了 亦或者是微信的步数排名，原本是为了锻炼身体，到最后的刷步数.
Sep 01 2024 10:01:25,164,9,21,53,2.52,0.768,0.972,0.99,4,1,0.2316,0.0283,0.0099,0.2216,0.0535,舒适区边缘另一个重要的规律是它揭示了能力成长的普遍法则：无论个体还是群体，其能力都以“舒适区―拉伸区[2]―困难区”的形式分布，要想让自己高效成长，必须让自己始终处于[.]，贸然跨到困难区会让自己受挫，而始终停留在舒适区会让自己停滞 #Title: 未知 : 上篇　内观自己，摆脱焦虑 #Date: Imported on Aug 18_ 2024 .
Sep 01 2024 10:01:59,181,2,4,4,1.02,0.965,0.893,0.953,4,1,0.0352,0.1069,0.0469,-0.0117,-0.001,如何知道一个知识是否纳入到了自己的知识体系中？  [.]
Sep 02 2024 08:53:42,217,4,9,5,0.59,0.933,0.791,0.911,4,1,0.0671,0.2092,0.0891,-0.022,-0.0034,浅学习只能是[.]
Sep 02 2024 08:54:25,261,4,9,39,4.38,0.839,0.987,0.993,4,1,0.161,0.0126,0.0065,0.1545,0.0259,作者周岭创建  的概念-元时间-是指 [.]
Sep 02 2024 08:55:07,177,3,4,2,0.46,0.934,0.837,0.93,2,0,0.9341,0.8373,0.9301,0.0041,0.0076,本能脑和情绪脑虽然看起来很低级，但它们掌管着[.]，时刻掌控我们的视觉、听觉、触觉……调控着呼吸、心跳、血压……因此其运行速度极快，至少可达11 000 000次/秒，堪比当今世界上运行速度最快的个人计算机；
Sep 03 2024 07:59:04,248,4,6,36,5.93,0.818,0.985,0.993,3,1,0.1818,0.015,0.0069,0.1749,0.033,老师先示范左手，再示范右手，再合起来弹一遍，让我大概知道这一首曲子出来是什么样子。接下来一周我就要努力练成这样子，周末的时候验收。不通过，继续练，通过，再到下一首曲子。如此循环两年，最后练成的曲子直接达到十级。在学习过程当中，完全不接触音乐理论。 .
Sep 03 2024 07:59:09,152,5,12,6,0.49,0.897,0.738,0.9,4,1,0.1028,0.2624,0.0998,0.0029,0.0006,在拉伸区练习要保证[.]，越多越细致，注意力越集中 为了跳出舒适区的最好办法就是去发现和收集那些要点（关注点），如单词中出错的单词，试卷不会做的题目
Sep 03 2024 07:59:19,271,4,8,42,5.23,0.925,0.988,0.994,4,1,0.0751,0.012,0.0063,0.0688,0.0056,在实现目标的过程中，遇到的问题太大，模糊，太困难，该如何？ [.]
Sep 03 2024 08:03:42,219,2,4,1,0.25,0.951,0.88,0.953,2,0,0.951,0.8797,0.9525,-0.0015,-0.0029,分心走神的本质是[.]，所以，面对困难时，身心分离的人总会不自觉地退回舒适区，而身心合一的人则更容易跳出舒适区，直面困难。
Sep 03 2024 08:04:02,276,3,5,11,2.28,0.929,0.822,0.937,3,1,0.0715,0.1784,0.0628,0.0087,0.0012,突破阈值 比如广告行业就存在阈值效应：[.]我们在行动时也应如此，我们要专注、要持续行动，直到突破阈值，这样才能看到更高层次的风景（见图6-8）。  nce: #Title: 第六章　行动力――没有行动世界只是个概念 #Date: Imported on Aug 18_ 2024_ 22:16:16 #Source: Web import .
Sep 03 2024 08:08:58,156,5,10,6,0.62,0.888,0.731,0.907,3,1,0.1118,0.269,0.093,0.0188,0.0038,人生就是一场[.]的比赛，我们比拼的不仅仅是成长的速度，还有成长的模式。在这条赛道上，领先的群体都有意无意地做着同一件事：消除[.]。
Sep 03 2024 08:09:12,283,3,3,1,0.33,0.919,0.818,0.936,2,0,0.9188,0.8176,0.9359,-0.0171,-0.0317,元认知能力强的一个突出表现是：[.]换句话说，就是想尽一切办法让自己找出那个最重要的、唯一的选项，让自己在某一个时间段里只有一条路可以走。这道理很简单，既然权重都差不多，那么做哪件事都没有损失。犹豫不决，什么都想做又什么都做不好，才是最大的损失
Sep 03 2024 08:09:39,6,30,66,116,1.76,0.43,0.924,0.983,4,1,0.5704,0.076,0.0171,0.5533,0.3251,SuperMemo 会经常请你给句子填空。
Sep 04 2024 14:05:26,273,2,4,15,3.72,0.945,0.856,0.953,4,1,0.0546,0.144,0.0473,0.0073,0.0007,一个人如果整天做自己不想做但又必须做的事情，日子就会变得灰暗无趣，然而面对压力，我们真的就只能承受吗？未必。或许我们的情绪和注意力只是被事情本身给占据了，因为困难和压力总能把人的情绪和注意力抓得死死的，让你很难看到其他角度。 .
Sep 04 2024 14:05:43,177,2,4,8,1.96,0.942,0.792,0.927,4,1,0.0579,0.2082,0.0727,-0.0148,-0.0019,本能脑和情绪脑虽然看起来很低级，但它们掌管着[.]，时刻掌控我们的视觉、听觉、触觉……调控着呼吸、心跳、血压……因此其运行速度极快，至少可达11 000 000次/秒，堪比当今世界上运行速度最快的个人计算机；
Sep 04 2024 14:05:53,275,6,12,12,1.04,0.856,0.663,0.894,3,1,0.1441,0.3374,0.1062,0.0379,0.0095,认知清晰，情绪平和，最终还要行动坚定。很多人把行动力不足的原因归结为环境干扰或是意志力弱，其实，行动力不足的真正原因是[.]。
Sep 04 2024 14:06:04,219,1,2,4,1.94,0.973,0.876,0.959,4,1,0.0274,0.1235,0.0411,-0.0137,-0.0009,分心走神的本质是[.]，所以，面对困难时，身心分离的人总会不自觉地退回舒适区，而身心合一的人则更容易跳出舒适区，直面困难。
Sep 04 2024 14:06:10,283,1,2,3,1.3,0.973,0.877,0.962,4,1,0.0268,0.1232,0.0381,-0.0113,-0.0007,元认知能力强的一个突出表现是：[.]换句话说，就是想尽一切办法让自己找出那个最重要的、唯一的选项，让自己在某一个时间段里只有一条路可以走。这道理很简单，既然权重都差不多，那么做哪件事都没有损失。犹豫不决，什么都想做又什么都做不好，才是最大的损失
Sep 05 2024 07:17:28,181,4,4,1,0.25,0.925,0.987,0.994,2,0,0.9249,0.9873,0.9937,-0.0688,-0.1319,如何知道一个知识是否纳入到了自己的知识体系中？  [.]
Sep 05 2024 07:17:41,254,3,7,8,1.16,0.929,0.811,0.939,4,1,0.0709,0.1887,0.0609,0.0099,0.0013,如果说学习和反思是静态的 那处于当下的、动态的自已又该如何主动运用元认知呢？ 很简单，启用[.]啊！让他时刻监控你，就像电脑系统里的杀毒软件，监控着你的每一次操作，一旦发现可疑文件就立即发出警报。
Sep 05 2024 07:17:46,282,5,10,12,1.17,0.888,0.703,0.906,3,1,0.1117,0.2966,0.0938,0.0179,0.0037,主动休息 的学习模式，即好像是记忆曲线，我们的学习体力是随学习时间不断下降的，如果能够进行主动的休息，就能保持较高的效率在整个学习周期中，所以真正的学霸模式是 [.]，并将循环往复
Sep 05 2024 07:19:21,290,2,4,5,1.26,0.954,0.866,0.956,3,1,0.0461,0.1338,0.0442,0.0019,0.0002,稀缺心态，让人变笨的本质是：[.]
Sep 06 2024 07:23:13,181,1,2,6,3.21,0.975,0.901,0.971,4,1,0.0252,0.0994,0.0295,-0.0043,-0.0002,如何知道一个知识是否纳入到了自己的知识体系中？  [.]
Sep 06 2024 07:23:18,249,3,7,8,1.15,0.934,0.803,0.937,4,1,0.0663,0.1967,0.0633,0.003,0.0004,所谓心智带宽，就是[.]，它支撑着人的认知力、行动力和自控力。
Sep 06 2024 07:23:24,278,5,12,7,0.58,0.895,0.696,0.904,4,1,0.1049,0.3043,0.0961,0.0088,0.0018,世界上有一个底层的系统规律叫“[.]”，它的发生就好像看porn，当你不断的看porn_你的兴奋阈值不断的被提高，继而想要追求更刺激的。注意力的使用同样遵循这个规律，最初的选择会影响行为自动增强的方向。
Sep 06 2024 07:23:39,237,8,16,24,1.47,0.849,0.568,0.865,3,1,0.1509,0.4324,0.1351,0.0158,0.0045,在拉伸区练习要保证有关注点，越多越细致，注意力越集中 为了跳出舒适区的最好办法就是[.]如单词中出错的单词，试卷不会做的题目
Sep 06 2024 07:24:51,153,7,14,14,0.97,0.873,0.605,0.876,3,1,0.1266,0.3953,0.1238,0.0028,0.0007,元认知，就是最高级别的认知，它能对[.]进行认知和理解（见图3-1）。
Sep 06 2024 07:26:50,277,4,4,1,0.26,0.913,0.741,0.918,1,0,0.9131,0.7407,0.9176,-0.0045,-0.0083,如何捕捉感性 感性能力虽然很厉害，但它看起来  虚无缥缈，我们该如何捕捉它呢？以下做法不妨参考一下。 （1）“最”字法。 （2）“总”字法。 （3）[.]。。 （4）梦境。 （5）身体。
Sep 07 2024 07:29:08,239,8,3,2,0.73,0.789,0.555,0.872,2,0,0.7888,0.5545,0.8717,-0.0829,-0.1377,理智脑的特点是运行的速度[.]，并且[.]
Sep 07 2024 07:29:22,119,5,10,12,1.23,0.865,0.681,0.914,3,1,0.1351,0.3189,0.0864,0.0487,0.0108,复习的原则是： [.]#备注  就好像钓鱼一样，浅出的和深入的鱼，哪个更具有难度，间隔越长，水越深
Sep 07 2024 07:29:29,283,3,7,10,1.41,0.86,0.92,0.955,4,1,0.1397,0.0798,0.0453,0.0945,0.0175,元认知能力强的一个突出表现是：[.]换句话说，就是想尽一切办法让自己找出那个最重要的、唯一的选项，让自己在某一个时间段里只有一条路可以走。这道理很简单，既然权重都差不多，那么做哪件事都没有损失。犹豫不决，什么都想做又什么都做不好，才是最大的损失
Sep 07 2024 07:29:34,277,1,2,3,1.46,0.97,0.9,0.972,4,1,0.0304,0.1002,0.028,0.0024,0.0001,如何捕捉感性 感性能力虽然很厉害，但它看起来  虚无缥缈，我们该如何捕捉它呢？以下做法不妨参考一下。 （1）“最”字法。 （2）“总”字法。 （3）[.]。。 （4）梦境。 （5）身体。
9月 10 2024 08:09:22,217,7,13,79,6.09,0.94,0.981,0.993,3,1,0.0596,0.019,0.0074,0.0522,0.0035,浅学习只能是[.]
9月 10 2024 08:09:28,30,37,80,109,1.36,0.351,0.885,0.976,4,1,0.6494,0.1146,0.0237,0.6257,0.4212,SuperMemo 会让你复习多少次
9月 10 2024 08:09:45,172,8,13,79,6.11,0.904,0.979,0.992,3,1,0.0959,0.0215,0.0077,0.0882,0.0091,过度的依靠“打卡学习”等方式的就是导致 [.] 例如:刚开始背单词20个每天，是为了 以后 通过考试，但是，在 往后你的学习目标就变成了背诵这20个单词了 亦或者是微信的步数排名，原本是为了锻炼身体，到最后的刷步数.
9月 10 2024 08:09:51,14,15,21,34,1.62,0.926,0.917,0.917,3,1,0.0736,0.0826,0.0826,-0.009,-0.0014,使用 SuperMemo，你只需要记得两个快捷键：  Alt+A - 添加新的问题和回答（新增）  [.] - 重复要学习的材料（学习）
9月 10 2024 08:10:30,286,8,3,2,0.71,0.747,0.496,0.866,2,0,0.7474,0.4964,0.8657,-0.1183,-0.1909,熔断不读书法，触动学习法等学习的方法的本质就是： 先用感性能力帮助自己选择，再用理性能力帮助自己思考。[.]
9月 10 2024 08:11:11,294,6,14,16,1.15,0.809,0.619,0.904,3,1,0.1913,0.3808,0.0957,0.0956,0.0274,认知模糊来自内部，而情绪模糊来自外界。人们每天都会面临各种烦恼，但多数人习惯被动承受，少有人乐于主动面对。why？[.]
9月 10 2024 08:11:17,239,2,4,7,1.66,0.929,0.727,0.934,3,1,0.0712,0.2732,0.0656,0.0057,0.0008,理智脑的特点是运行的速度[.]，并且[.]
9月 10 2024 08:11:23,125,10,22,20,0.93,0.855,0.892,0.915,4,1,0.1454,0.1084,0.0854,0.06,0.0138,小明:有些书就是很难读，有些文章就是很难写，有些知识就是很难懂，有些技能就是很难学……真正能让你变强的东西，其核心困难是无法回避的，不下决心与之死磕，始终在周围打转，时间越长越焦虑。 小明这是产生了什么？[.]
9月 10 2024 08:11:35,300,5,10,24,2.43,0.843,0.661,0.914,3,1,0.1567,0.3389,0.0856,0.0711,0.0172,每个人的认知都是不一样的的认知层次是多维 的，flag立了又立，如何避免[.]
9月 10 2024 08:13:01,197,28,3,1,0.38,0.766,0.948,0.988,2,0,0.7657,0.9482,0.9877,-0.2221,-0.3894,问题:通过[提取以手段来掌握知识]的现象称为什么？  [.]
9月 10 2024 08:13:04,219,5,12,14,1.14,0.778,0.838,0.838,4,1,0.2219,0.1618,0.1618,0.06,0.023,分心走神的本质是[.]，所以，面对困难时，身心分离的人总会不自觉地退回舒适区，而身心合一的人则更容易跳出舒适区，直面困难。
9月 10 2024 08:14:02,206,7,13,15,1.13,0.794,0.551,0.888,3,1,0.2055,0.4492,0.1122,0.0933,0.0296,如何建立有效的强链接？ [.]
9月 10 2024 08:15:52,232,7,3,1,0.33,0.777,0.527,0.882,2,0,0.7766,0.527,0.882,-0.1054,-0.1749,可惜“走神一时爽”，事后我们就得承担走神带来的各种损失，其中最大的损失莫过于[.]。因为走神时，我们要么沉浸过去，要么担忧将来，要么幻想不可能实现的情况，走神可以让我们活在任何时候，唯独不能让我们活在当下。
9月 10 2024 08:17:00,348,3,5,11,2.11,0.898,0.766,0.943,3,1,0.1024,0.2345,0.0568,0.0456,0.0073,为了避开这种误区，我们一定要记住：理智脑不是直接干活的，干活是[.]，因为它们的“力气”大；上天赋予理智脑智慧，是让它驱动本能和情绪，而不是直接取代它们。
Sep 10 2024 15:19:16,290,5,7,52,7.4,0.882,0.983,0.993,3,1,0.1179,0.0166,0.0069,0.111,0.0138,稀缺心态，让人变笨的本质是：[.]
Sep 10 2024 15:19:22,335,3,6,8,1.37,0.898,0.8,0.951,4,1,0.1021,0.1995,0.0489,0.0532,0.008,我们要把目标和过程细化、具体化，在诸多可能性中建立一条单行通道，让自己始终处于“[.]”的状态。[1]
Sep 10 2024 15:19:25,277,3,4,9,2.18,0.86,0.878,0.904,3,1,0.1397,0.1221,0.0961,0.0437,0.0103,如何捕捉感性 感性能力虽然很厉害，但它看起来  虚无缥缈，我们该如何捕捉它呢？以下做法不妨参考一下。 （1）“最”字法。 （2）“总”字法。 （3）[.]。。 （4）梦境。 （5）身体。
Sep 10 2024 15:19:32,197,1,2,3,1.53,0.963,0.969,0.99,3,1,0.0368,0.0307,0.0105,0.0263,0.0012,问题:通过[提取以手段来掌握知识]的现象称为什么？  [.]
Sep 10 2024 15:19:36,232,1,2,1,0.5,0.964,0.969,0.99,4,1,0.0361,0.0305,0.0101,0.026,0.0012,可惜“走神一时爽”，事后我们就得承担走神带来的各种损失，其中最大的损失莫过于[.]。因为走神时，我们要么沉浸过去，要么担忧将来，要么幻想不可能实现的情况，走神可以让我们活在任何时候，唯独不能让我们活在当下。
Sep 10 2024 15:19:50,221,12,19,13,0.7,0.933,0.913,0.951,3,1,0.0666,0.0867,0.049,0.0176,0.002,如何制卡，我们的大脑的神经元，更喜欢通过什么方式获取知识？ [.]
Sep 11 2024 06:55:38,152,8,15,74,4.93,0.95,0.983,0.993,4,1,0.0498,0.0168,0.0068,0.043,0.0024,在拉伸区练习要保证[.]，越多越细致，注意力越集中 为了跳出舒适区的最好办法就是去发现和收集那些要点（关注点），如单词中出错的单词，试卷不会做的题目
Sep 11 2024 06:55:53,156,8,12,55,4.59,0.93,0.983,0.993,3,1,0.0699,0.0168,0.0068,0.0632,0.0048,人生就是一场[.]的比赛，我们比拼的不仅仅是成长的速度，还有成长的模式。在这条赛道上，领先的群体都有意无意地做着同一件事：消除[.]。
Sep 11 2024 06:56:17,286,2,3,2,0.61,0.93,0.905,0.978,3,1,0.0697,0.0951,0.022,0.0476,0.0044,熔断不读书法，触动学习法等学习的方法的本质就是： 先用感性能力帮助自己选择，再用理性能力帮助自己思考。[.]
Sep 12 2024 07:44:54,181,6,16,16,0.98,0.768,0.788,0.863,4,1,0.2316,0.2121,0.1368,0.0948,0.0349,如何知道一个知识是否纳入到了自己的知识体系中？  [.]
Sep 12 2024 07:46:06,139,15,3,1,0.41,0.758,0.964,0.991,1,0,0.7578,0.9639,0.9906,-0.2328,-0.4069,在《认知觉醒》中，提到了认知的模糊是来自与什么原因？ [.]
Sep 12 2024 07:46:25,177,8,11,25,2.29,0.799,0.882,0.882,3,1,0.2009,0.1183,0.1183,0.0826,0.0264,本能脑和情绪脑虽然看起来很低级，但它们掌管着[.]，时刻掌控我们的视觉、听觉、触觉……调控着呼吸、心跳、血压……因此其运行速度极快，至少可达11 000 000次/秒，堪比当今世界上运行速度最快的个人计算机；
Sep 12 2024 07:46:50,232,2,3,10,3.25,0.916,0.919,0.919,4,1,0.0841,0.081,0.081,0.003,0.0005,可惜“走神一时爽”，事后我们就得承担走神带来的各种损失，其中最大的损失莫过于[.]。因为走神时，我们要么沉浸过去，要么担忧将来，要么幻想不可能实现的情况，走神可以让我们活在任何时候，唯独不能让我们活在当下。
Sep 12 2024 07:47:08,295,6,11,18,1.6,0.82,0.67,0.922,3,1,0.1802,0.3303,0.0785,0.1018,0.0263,再往深了说，焦虑并不完全源于我们的[.]，而是来自我们大脑的生理结构。我们已经知道人类的天生属性是避难趋易和急于求成，也就是说，在我们内心深处早就埋下了这样的种子：急于求成，想同时做很多事；避难趋易，想不怎么努力就立即看到效果。 这才是焦虑真正的根源！焦虑是天性，是人类的默认设置。
Sep 12 2024 07:48:08,315,6,11,10,0.89,0.823,0.661,0.92,3,1,0.1769,0.3386,0.0803,0.0965,0.0248,再往深了说，焦虑并不完全源于我们的主观意识，而是来自我们大脑的生理结构。我们已经知道人类的天生属性是避难趋易和急于求成，也就是说，在我们内心深处早就埋下了这样的种子：急于求成，想同时做很多事；避难趋易，想不怎么努力就立即看到效果。 这才是焦虑真正的根源！焦虑是[.]，是人类的默认设置。
Sep 14 2024 06:52:30,139,2,3,5,1.55,0.934,0.813,0.962,3,1,0.066,0.1868,0.0376,0.0284,0.0029,在《认知觉醒》中，提到了认知的模糊是来自与什么原因？ [.]
Sep 14 2024 06:52:35,254,9,14,101,7.24,0.9,0.977,0.992,3,1,0.1,0.0235,0.0079,0.0921,0.0099,如果说学习和反思是静态的 那处于当下的、动态的自已又该如何主动运用元认知呢？ 很简单，启用[.]啊！让他时刻监控你，就像电脑系统里的杀毒软件，监控着你的每一次操作，一旦发现可疑文件就立即发出警报。
Sep 14 2024 06:52:44,197,4,6,9,1.57,0.818,0.835,0.909,3,1,0.1818,0.1647,0.091,0.0908,0.0248,问题:通过[提取以手段来掌握知识]的现象称为什么？  [.]
Sep 14 2024 06:53:03,249,8,12,49,4.05,0.911,0.979,0.993,3,1,0.0894,0.0207,0.0072,0.0822,0.0079,所谓心智带宽，就是[.]，它支撑着人的认知力、行动力和自控力。
Sep 14 2024 06:53:08,278,8,13,71,5.47,0.95,0.984,0.994,3,1,0.0498,0.0162,0.0065,0.0433,0.0024,世界上有一个底层的系统规律叫“[.]”，它的发生就好像看porn，当你不断的看porn_你的兴奋阈值不断的被提高，继而想要追求更刺激的。注意力的使用同样遵循这个规律，最初的选择会影响行为自动增强的方向。
Sep 14 2024 06:53:17,316,3,5,8,1.57,0.909,0.808,0.953,3,1,0.0909,0.1917,0.0471,0.0438,0.006,硬记忆通过[.]提升理解能力
Sep 14 2024 06:53:54,276,11,15,58,3.88,0.78,0.971,0.991,3,1,0.22,0.0287,0.0087,0.2114,0.0483,突破阈值 比如广告行业就存在阈值效应：[.]我们在行动时也应如此，我们要专注、要持续行动，直到突破阈值，这样才能看到更高层次的风景（见图6-8）。  nce: #Title: 第六章　行动力――没有行动世界只是个概念 #Date: Imported on Aug 18_ 2024_ 22:16:16 #Source: Web import .
Sep 14 2024 06:56:39,193,10,20,22,1.11,0.742,0.503,0.884,3,1,0.2582,0.4973,0.1162,0.1421,0.0532,在上文中，我介绍了“主动选择信息”和“深度沉浸”两个概念，但前者只是入口，后者才是关键。 那如何获得深度沉浸，[.]：
Sep 14 2024 06:56:56,293,11,21,28,1.33,0.736,0.436,0.869,3,1,0.264,0.5635,0.1311,0.1329,0.0525,[.]是这个世界的进化机制。有[.]，并形成回路，就可能使任何系统开始自我进化，无论机械设计还是软件系统都是如此。而元认知正是人类认知能力的[.] 回路，有了它，我们才可能进入快速进化的通道。
Sep 14 2024 06:57:44,20,37,61,190,3.11,0.574,0.941,0.988,4,1,0.4265,0.0594,0.0117,0.4148,0.1818,什么时候你会复习一段已经学过的知识？（点击正确答案，并在窗口底部检查 SuperMemo 给出的评分）
Sep 14 2024 06:57:50,16,39,62,173,2.79,0.471,0.925,0.987,3,1,0.529,0.0754,0.0133,0.5156,0.2796,使用 SuperMemo，你只需要记得两个快捷键：  Alt+A - 添加新的问题和回答（新增）  Ctrl+L - [.]要学习的材料（学习）
Sep 14 2024 06:59:04,135,13,3,1,0.33,0.607,0.353,0.85,1,0,0.6073,0.3526,0.8499,-0.2427,-0.3536,“熔断不读书法”。意思就是在读书时一旦看到有启发的内容，就触发熔断点，立刻停止读书。停止读书之后做什么呢？围绕这个触发点对自己提问。 [.]
Sep 15 2024 10:02:44,286,4,6,5,0.85,0.905,0.841,0.923,3,1,0.0955,0.159,0.0769,0.0186,0.0032,熔断不读书法，触动学习法等学习的方法的本质就是： 先用感性能力帮助自己选择，再用理性能力帮助自己思考。[.]
Sep 15 2024 10:04:00,305,9,20,17,0.87,0.717,0.594,0.91,3,1,0.2834,0.4064,0.0901,0.1932,0.0722,如何获取关联能力 成为大师并不神奇，只要开启了暗箱，我们也有机会成为大师。关联能力能够让人加速演化，获取杠杆。结合上文，我们很容易梳理出几条实现路径。 首先，手中有锤子。如果你对某 .
Sep 15 2024 10:04:46,135,1,2,2,0.8,0.962,0.888,0.977,3,1,0.0378,0.1121,0.0233,0.0145,0.0009,“熔断不读书法”。意思就是在读书时一旦看到有启发的内容，就触发熔断点，立刻停止读书。停止读书之后做什么呢？围绕这个触发点对自己提问。 [.]
Sep 16 2024 10:11:18,239,7,10,11,1.09,0.831,0.931,0.945,3,1,0.1686,0.0693,0.055,0.1136,0.0254,理智脑的特点是运行的速度[.]，并且[.]
Sep 16 2024 10:11:30,275,12,3,1,0.33,0.888,0.978,0.993,1,0,0.8878,0.9782,0.9931,-0.1053,-0.198,认知清晰，情绪平和，最终还要行动坚定。很多人把行动力不足的原因归结为环境干扰或是意志力弱，其实，行动力不足的真正原因是[.]。
Sep 16 2024 10:11:41,257,10,21,25,1.17,0.706,0.528,0.896,3,1,0.2941,0.4724,0.1041,0.19,0.0757,为了避开这种误区，我们一定要记住：理智脑不是[.]的，干活是本能脑和情绪脑的事情，因为它们的“力气”大；上天赋予理智脑智慧，是让它驱动本能和情绪，而不是直接取代它们。
Sep 17 2024 20:50:44,282,12,16,137,8.56,0.864,0.975,0.993,3,1,0.136,0.0253,0.0073,0.1286,0.0184,主动休息 的学习模式，即好像是记忆曲线，我们的学习体力是随学习时间不断下降的，如果能够进行主动的休息，就能保持较高的效率在整个学习周期中，所以真正的学霸模式是 [.]，并将循环往复
Sep 17 2024 20:51:09,135,2,3,4,1.24,0.905,0.918,0.963,3,1,0.0955,0.0817,0.0366,0.0589,0.0078,“熔断不读书法”。意思就是在读书时一旦看到有启发的内容，就触发熔断点，立刻停止读书。停止读书之后做什么呢？围绕这个触发点对自己提问。 [.]
Sep 17 2024 20:51:17,283,10,21,13,0.61,0.866,0.827,0.888,4,1,0.1335,0.173,0.1119,0.0216,0.0053,元认知能力强的一个突出表现是：[.]换句话说，就是想尽一切办法让自己找出那个最重要的、唯一的选项，让自己在某一个时间段里只有一条路可以走。这道理很简单，既然权重都差不多，那么做哪件事都没有损失。犹豫不决，什么都想做又什么都做不好，才是最大的损失
Sep 17 2024 20:51:27,180,11,24,33,1.38,0.694,0.468,0.883,3,1,0.3056,0.5325,0.1169,0.1887,0.0797,再往深了说，焦虑并不完全源于我们的主观意识，而是来自我们大脑的[.]。我们已经知道人类的天生属性是避难趋易和急于求成，也就是说，在我们内心深处早就埋下了这样的种子：急于求成，想同时做很多事；避难趋易，想不怎么努力就立即看到效果。 这才是焦虑真正的根源！焦虑是天性，是人类的默认设置。
Sep 17 2024 20:51:33,275,1,2,4,1.98,0.966,0.859,0.973,3,1,0.0343,0.1406,0.0271,0.0072,0.0004,认知清晰，情绪平和，最终还要行动坚定。很多人把行动力不足的原因归结为环境干扰或是意志力弱，其实，行动力不足的真正原因是[.]。
Sep 17 2024 20:51:48,132,16,38,40,1.06,0.623,0.319,0.852,3,1,0.3768,0.6808,0.1483,0.2284,0.12,在“元时间”内我们要做什么呢？很简单，就做一件事：[.]。 如果不在这些选择的节点想清楚，我们就会陷入模糊状态，而模糊是潜意识的领地，它会使我们产生本能的反应――娱乐。所以，基本的应对策略便是：在选择的节点审视自己的第一反应，并产生清晰明确的主张。
Sep 17 2024 20:51:54,317,11,23,23,0.98,0.732,0.421,0.873,3,1,0.2683,0.5789,0.1267,0.1416,0.0559,如何获取关联能力 成为大师并不神奇，只要开启了暗箱，我们也有机会成为大师。关联能力能够让人加速演化，获取杠杆。结合上文，我们很容易梳理出几条实现路径。 首先，手中有锤子。如果你对某 .
Sep 18 2024 06:58:08,40,45,73,96,1.31,0.037,0.882,0.977,3,1,0.9626,0.1184,0.0226,0.94,0.9261,导入一篇网络文章到 SuperMemo：  在你的[.]，复制选中的文本（Ctrl+C）  在 SuperMemo，点击（Ctrl+N）
Sep 18 2024 06:58:14,335,8,14,62,4.43,0.918,0.981,0.993,3,1,0.0816,0.0188,0.0065,0.0751,0.0066,我们要把目标和过程细化、具体化，在诸多可能性中建立一条单行通道，让自己始终处于“[.]”的状态。[1]
Sep 19 2024 07:48:00,39,21,37,25,0.67,0.937,0.892,0.892,3,1,0.063,0.1081,0.1081,-0.0452,-0.0077,导入一篇网络文章到 SuperMemo：  在你的网页浏览器，复制选中的文本（Ctrl+C）  在 SuperMemo，点击[.]）
Sep 19 2024 07:48:30,139,5,3,1,0.42,0.882,0.909,0.949,2,0,0.8821,0.9091,0.9487,-0.0666,-0.1219,在《认知觉醒》中，提到了认知的模糊是来自与什么原因？ [.]
Sep 19 2024 07:49:19,273,15,36,99,2.75,0.697,0.957,0.989,4,1,0.3035,0.043,0.0107,0.2928,0.092,一个人如果整天做自己不想做但又必须做的事情，日子就会变得灰暗无趣，然而面对压力，我们真的就只能承受吗？未必。或许我们的情绪和注意力只是被事情本身给占据了，因为困难和压力总能把人的情绪和注意力抓得死死的，让你很难看到其他角度。 .
Sep 19 2024 07:54:31,368,4,7,11,1.5,0.893,0.733,0.94,3,1,0.1072,0.2665,0.0605,0.0467,0.0078,在做算r，如果有人看你的眼睛，他lF你的[.]。你的心智工作Y束r，**就回到原淼拇笮。灰簿褪钦f，你得出正_答案（便一提，是408），或是你做不出矸r，瞳孔就恢驼常了。
Sep 19 2024 07:54:42,119,12,17,82,4.8,0.885,0.976,0.993,3,1,0.1152,0.0239,0.007,0.1083,0.0132,复习的原则是： [.]#备注  就好像钓鱼一样，浅出的和深入的鱼，哪个更具有难度，间隔越长，水越深
Sep 19 2024 07:54:50,277,9,11,13,1.18,0.783,0.89,0.928,3,1,0.2171,0.1103,0.072,0.1452,0.042,如何捕捉感性 感性能力虽然很厉害，但它看起来  虚无缥缈，我们该如何捕捉它呢？以下做法不妨参考一下。 （1）“最”字法。 （2）“总”字法。 （3）[.]。。 （4）梦境。 （5）身体。
Sep 19 2024 07:54:55,228,10,20,16,0.78,0.76,0.489,0.888,3,1,0.2404,0.5114,0.1124,0.128,0.0452,在要解决的更复杂问题中，强烈建议记住[.]（在算法学习中），确保大脑在解决问题的同时始终遵循最快的路径方法。
Sep 20 2024 07:49:57,139,1,2,4,2.17,0.969,0.9,0.98,3,1,0.0314,0.1001,0.0198,0.0116,0.0006,在《认知觉醒》中，提到了认知的模糊是来自与什么原因？ [.]
Sep 20 2024 07:50:41,153,14,4,1,0.26,0.896,0.976,0.993,2,0,0.8964,0.9763,0.9931,-0.0967,-0.1826,元认知，就是最高级别的认知，它能对[.]进行认知和理解（见图3-1）。
Sep 20 2024 07:50:55,348,11,16,89,5.57,0.841,0.978,0.993,3,1,0.1594,0.0221,0.0067,0.1526,0.0254,为了避开这种误区，我们一定要记住：理智脑不是直接干活的，干活是[.]，因为它们的“力气”大；上天赋予理智脑智慧，是让它驱动本能和情绪，而不是直接取代它们。
Sep 20 2024 07:51:03,306,14,30,37,1.25,0.699,0.303,0.848,3,1,0.3007,0.6973,0.1518,0.1489,0.0674,如何获取关联能力 成为大师并不神奇，只要开启了暗箱，我们也有机会成为大师。关联能力能够让人加速演化，获取杠杆。结合上文，我们很容易梳理出几条实现路径。 [.]。如果你对某件事情没有 .
Sep 20 2024 07:52:15,307,5,4,1,0.35,0.876,0.643,0.92,2,0,0.8757,0.6427,0.9203,-0.0446,-0.0801,[.]的\作。@正是慢的思考的典型。
Sep 22 2024 20:50:46,264,25,4,1,0.25,0.584,0.942,0.99,2,0,0.5836,0.9417,0.9896,-0.406,-0.6387,这个规律表明，学习进展与时间的是一种[.]
Sep 22 2024 20:50:52,153,2,3,11,3.59,0.947,0.765,0.959,3,1,0.0533,0.2349,0.0408,0.0125,0.0012,元认知，就是最高级别的认知，它能对[.]进行认知和理解（见图3-1）。
Sep 22 2024 20:50:57,286,7,9,7,0.82,0.903,0.921,0.955,3,1,0.0974,0.0795,0.0451,0.0523,0.0074,熔断不读书法，触动学习法等学习的方法的本质就是： 先用感性能力帮助自己选择，再用理性能力帮助自己思考。[.]
Sep 22 2024 20:51:03,135,5,8,12,1.52,0.864,0.907,0.954,4,1,0.1361,0.0934,0.0462,0.0899,0.0164,“熔断不读书法”。意思就是在读书时一旦看到有启发的内容，就触发熔断点，立刻停止读书。停止读书之后做什么呢？围绕这个触发点对自己提问。 [.]
Sep 22 2024 20:51:31,347,3,5,10,1.94,0.927,0.739,0.941,3,1,0.0725,0.2606,0.0592,0.0133,0.0018,为了适应陆地生活，爬行动物演化出了最初的“[.]”。它的结构很简单，只有一个原始的反射模块，可以让爬行动物对环境快速做出本能反应，比如遇到危险就战斗或逃跑，遇到猎物就捕食，遇到心仪的异性就追求等。
Sep 22 2024 20:51:39,275,5,8,13,1.65,0.778,0.875,0.951,3,1,0.2219,0.1254,0.0494,0.1725,0.0468,认知清晰，情绪平和，最终还要行动坚定。很多人把行动力不足的原因归结为环境干扰或是意志力弱，其实，行动力不足的真正原因是[.]。
Sep 22 2024 20:51:43,236,44,62,166,2.68,0.395,0.9,0.985,3,1,0.605,0.0997,0.0146,0.5904,0.3658,这种通过「提取以掌握」的现象也被称为[.]因为往往发生在做自我测试时，故此得名。它形似学校考试，目的上又有所相反: 「提取练习」是为了从测试中进行学习，而非「评估」学习成果。
Sep 22 2024 20:51:49,232,10,25,9,0.37,0.803,0.751,0.881,4,1,0.1971,0.2493,0.119,0.0781,0.0247,可惜“走神一时爽”，事后我们就得承担走神带来的各种损失，其中最大的损失莫过于[.]。因为走神时，我们要么沉浸过去，要么担忧将来，要么幻想不可能实现的情况，走神可以让我们活在任何时候，唯独不能让我们活在当下。
Sep 22 2024 20:51:53,316,8,12,74,6.14,0.875,0.978,0.993,3,1,0.1252,0.0221,0.0067,0.1185,0.0156,硬记忆通过[.]提升理解能力
Sep 22 2024 20:52:17,370,6,10,14,1.42,0.861,0.575,0.906,3,1,0.1389,0.4248,0.094,0.0448,0.0104,人与人之间的差距不是来自年龄，甚至不是来自经验，而是来自[.]的能力。
Sep 22 2024 20:52:34,307,2,3,11,3.83,0.948,0.765,0.961,3,1,0.0523,0.2349,0.0392,0.0131,0.0012,[.]的\作。@正是慢的思考的典型。
Sep 22 2024 20:52:42,315,10,16,76,4.74,0.937,0.981,0.994,3,1,0.063,0.0188,0.0063,0.0566,0.0039,再往深了说，焦虑并不完全源于我们的主观意识，而是来自我们大脑的生理结构。我们已经知道人类的天生属性是避难趋易和急于求成，也就是说，在我们内心深处早就埋下了这样的种子：急于求成，想同时做很多事；避难趋易，想不怎么努力就立即看到效果。 这才是焦虑真正的根源！焦虑是[.]，是人类的默认设置。
Sep 22 2024 20:52:49,287,16,36,37,1.03,0.693,0.234,0.833,3,1,0.3072,0.7664,0.1665,0.1407,0.0666,如何获取关联能力 成为大师并不神奇，只要开启了暗箱，我们也有机会成为大师。关联能力能够让人加速演化，获取杠杆。结合上文，我们很容易梳理出几条实现路径。 首先，手中有锤子。如果你对某 .
Sep 22 2024 20:53:19,378,4,6,12,2.03,0.912,0.653,0.923,3,1,0.0876,0.3465,0.0774,0.0101,0.0017,完全聚焦在一件事上，使@人[.]，甚至ζ匠吸引他注意力的刺激毫o感X
Sep 23 2024 07:41:33,264,1,1,5,5.3,0.975,0.953,0.989,3,1,0.0246,0.0465,0.0109,0.0136,0.0005,这个规律表明，学习进展与时间的是一种[.]
Sep 23 2024 07:41:45,219,14,26,22,0.85,0.921,0.903,0.952,3,1,0.0787,0.0966,0.0477,0.0309,0.0039,分心走神的本质是[.]，所以，面对困难时，身心分离的人总会不自觉地退回舒适区，而身心合一的人则更容易跳出舒适区，直面困难。
Sep 23 2024 07:41:52,373,7,16,21,1.33,0.855,0.524,0.895,4,1,0.1447,0.4761,0.1049,0.0397,0.0099,[.] (prefrontal lobe)，@部位是人大X比其他`L大的地方，它跟智慧有P。
Sep 23 2024 07:41:57,197,9,15,13,0.87,0.874,0.9,0.956,4,1,0.1264,0.0998,0.044,0.0824,0.014,问题:通过[提取以手段来掌握知识]的现象称为什么？  [.]
Sep 23 2024 07:42:09,382,3,6,13,2.09,0.935,0.751,0.943,4,1,0.0648,0.2487,0.0567,0.0081,0.001,投入时间”这个说法本身就是荒唐的，实际投入的是[.]的乘积。
Sep 23 2024 07:42:14,23,50,71,114,1.6,0.015,0.869,0.976,3,1,0.985,0.1306,0.0237,0.9613,0.9696,你可以按下[.]（快捷键）在之前浏览过的卡片列表上前进. 注：就像在网页浏览器里面那样
Sep 23 2024 07:42:37,381,3,5,15,2.99,0.935,0.75,0.943,3,1,0.0649,0.2496,0.0569,0.008,0.001,刻意掌握意志或自制力的行雍芾廴耍[.]@F象叫做「自我耗p」(ego depletion)。
Sep 24 2024 08:03:12,11,51,73,82,1.13,0.119,0.874,0.978,3,1,0.8811,0.1259,0.0223,0.8589,0.7759,在你点击学习按钮后，你将要遍历所有被安排到今天复习的材料。按[.]查看下一张卡片。
Sep 24 2024 08:03:40,139,4,6,12,2.07,0.818,0.852,0.947,3,1,0.1818,0.1479,0.0526,0.1292,0.0303,在《认知觉醒》中，提到了认知的模糊是来自与什么原因？ [.]
Sep 24 2024 08:03:44,50,47,84,183,2.18,0.538,0.927,0.989,3,1,0.4623,0.0733,0.0112,0.4511,0.2136,选中关键词，并按下[.]，可创建问答卡片（完型填空）
Sep 24 2024 08:03:46,53,26,33,45,1.37,0.863,0.903,0.924,3,1,0.1372,0.0966,0.0762,0.061,0.013,在你创建一个完型填空后，你可以点击按钮，或按下[.]查看你挖空的结果
Sep 24 2024 08:05:14,206,15,24,97,4.03,0.915,0.979,0.994,3,1,0.0849,0.0211,0.0064,0.0784,0.0072,如何建立有效的强链接？ [.]
Sep 24 2024 08:05:23,161,5,9,15,1.61,0.895,0.618,0.915,3,1,0.1054,0.3823,0.085,0.0203,0.0039,[.]的效可以用z取葡萄糖淼窒。U密斯特和他的F做了好泶_J@假O是正_的。
Sep 25 2024 14:31:59,294,16,25,122,4.87,0.893,0.975,0.993,3,1,0.107,0.0247,0.0067,0.1003,0.0114,认知模糊来自内部，而情绪模糊来自外界。人们每天都会面临各种烦恼，但多数人习惯被动承受，少有人乐于主动面对。why？[.]
Sep 26 2024 21:29:35,221,16,22,42,1.89,0.918,0.934,0.986,3,1,0.0816,0.066,0.0137,0.0679,0.0065,如何制卡，我们的大脑的神经元，更喜欢通过什么方式获取知识？ [.]
Sep 26 2024 21:29:38,7,49,89,212,2.38,0.532,0.923,0.989,4,1,0.4678,0.0767,0.011,0.4567,0.2187,重复是对抗[.]的关键武器
Sep 26 2024 21:30:27,312,8,20,16,0.82,0.844,0.433,0.876,4,1,0.156,0.5671,0.1242,0.0318,0.0089,ξ大部分人碚f，大部分r候，S持一合理的思w，以及偶做一些M力的思考，都是需要[.]的。. 系统二
Sep 28 2024 21:41:58,264,5,7,10,1.42,0.746,0.804,0.937,3,1,0.2537,0.1958,0.0631,0.1906,0.0604,这个规律表明，学习进展与时间的是一种[.]
Sep 28 2024 21:42:18,181,16,33,24,0.73,0.935,0.883,0.954,3,1,0.0647,0.1173,0.0464,0.0183,0.002,如何知道一个知识是否纳入到了自己的知识体系中？  [.]
Sep 28 2024 21:42:25,239,12,16,13,0.82,0.893,0.89,0.89,3,1,0.1069,0.1097,0.1097,-0.0029,-0.0006,理智脑的特点是运行的速度[.]，并且[.]
Sep 28 2024 21:43:24,124,31,61,203,3.32,0.885,0.94,0.99,3,1,0.115,0.0601,0.0095,0.1055,0.0131,无论个体还是群体，人类的安全感都源于自己在[.]：或能力，或财富，或权力，或影响力。
Sep 28 2024 21:43:33,380,9,18,23,1.26,0.829,0.388,0.866,3,1,0.1709,0.6124,0.1338,0.0371,0.0113,为了适应陆地生活，爬行动物演化出了最初的“本能脑”。本能脑的结构很简单，只有一个原始的[.]模块，可以让爬行动物对环境快速做出本能反应，比如遇到危险就战斗或逃跑，遇到猎物就捕食，遇到心仪的异性就追求等。
Sep 28 2024 21:43:51,349,6,11,15,1.4,0.883,0.548,0.9,3,1,0.1168,0.4523,0.0999,0.0169,0.0037,考试得了高分，不叫有知识；茶余饭后能高谈阔论，这也不叫有知识。这些场合下，知识虽然有用，但是这些知识都不太牵扯到具体的得失，所以只是智力游戏。只有当局势不明朗、没有人告诉你该怎么办，而错误的判断又会导致一些不良的后果时，你要是能因为有知识而敢于[ .
9月 29 2024 20:47:37,125,20,32,49,1.53,0.926,0.88,0.88,3,1,0.074,0.12,0.12,-0.046,-0.0089,小明:有些书就是很难读，有些文章就是很难写，有些知识就是很难懂，有些技能就是很难学……真正能让你变强的东西，其核心困难是无法回避的，不下决心与之死磕，始终在周围打转，时间越长越焦虑。 小明这是产生了什么？[.]
Sep 30 2024 13:43:06,237,24,5,1,0.2,0.835,0.963,0.992,2,0,0.8348,0.9627,0.9924,-0.1576,-0.2879,在拉伸区练习要保证有关注点，越多越细致，注意力越集中 为了跳出舒适区的最好办法就是[.]如单词中出错的单词，试卷不会做的题目
Sep 30 2024 13:43:24,295,18,5,1,0.2,0.878,0.968,0.993,2,0,0.8784,0.9679,0.9928,-0.1144,-0.2141,再往深了说，焦虑并不完全源于我们的[.]，而是来自我们大脑的生理结构。我们已经知道人类的天生属性是避难趋易和急于求成，也就是说，在我们内心深处早就埋下了这样的种子：急于求成，想同时做很多事；避难趋易，想不怎么努力就立即看到效果。 这才是焦虑真正的根源！焦虑是天性，是人类的默认设置。
Oct 01 2024 22:30:03,237,1,2,2,0.95,0.978,0.877,0.979,3,1,0.0224,0.1226,0.0211,0.0013,0.0001,在拉伸区练习要保证有关注点，越多越细致，注意力越集中 为了跳出舒适区的最好办法就是[.]如单词中出错的单词，试卷不会做的题目
Oct 01 2024 22:30:08,283,14,27,20,0.73,0.96,0.912,0.912,3,1,0.0401,0.088,0.088,-0.0478,-0.0061,元认知能力强的一个突出表现是：[.]换句话说，就是想尽一切办法让自己找出那个最重要的、唯一的选项，让自己在某一个时间段里只有一条路可以走。这道理很简单，既然权重都差不多，那么做哪件事都没有损失。犹豫不决，什么都想做又什么都做不好，才是最大的损失
Oct 01 2024 22:30:12,295,1,2,2,0.95,0.978,0.877,0.979,3,1,0.0222,0.1226,0.0205,0.0017,0.0001,再往深了说，焦虑并不完全源于我们的[.]，而是来自我们大脑的生理结构。我们已经知道人类的天生属性是避难趋易和急于求成，也就是说，在我们内心深处早就埋下了这样的种子：急于求成，想同时做很多事；避难趋易，想不怎么努力就立即看到效果。 这才是焦虑真正的根源！焦虑是天性，是人类的默认设置。
Oct 02 2024 19:20:46,286,10,12,22,1.86,0.897,0.923,0.939,3,1,0.1034,0.0769,0.0609,0.0425,0.007,熔断不读书法，触动学习法等学习的方法的本质就是： 先用感性能力帮助自己选择，再用理性能力帮助自己思考。[.]
Oct 02 2024 19:20:52,347,10,15,94,6.29,0.846,0.977,0.994,3,1,0.154,0.0234,0.0065,0.1475,0.0237,为了适应陆地生活，爬行动物演化出了最初的“[.]”。它的结构很简单，只有一个原始的反射模块，可以让爬行动物对环境快速做出本能反应，比如遇到危险就战斗或逃跑，遇到猎物就捕食，遇到心仪的异性就追求等。
Oct 02 2024 19:21:03,305,17,30,113,3.78,0.941,0.976,0.993,3,1,0.0585,0.0241,0.0065,0.052,0.0034,如何获取关联能力 成为大师并不神奇，只要开启了暗箱，我们也有机会成为大师。关联能力能够让人加速演化，获取杠杆。结合上文，我们很容易梳理出几条实现路径。 首先，手中有锤子。如果你对某 .
Oct 02 2024 19:21:19,277,13,16,22,1.37,0.891,0.9,0.921,3,1,0.1094,0.0997,0.0787,0.0307,0.0058,如何捕捉感性 感性能力虽然很厉害，但它看起来  虚无缥缈，我们该如何捕捉它呢？以下做法不妨参考一下。 （1）“最”字法。 （2）“总”字法。 （3）[.]。。 （4）梦境。 （5）身体。
Oct 03 2024 19:51:21,237,2,3,7,2.21,0.905,0.946,0.981,3,1,0.0955,0.0543,0.0188,0.0767,0.0088,在拉伸区练习要保证有关注点，越多越细致，注意力越集中 为了跳出舒适区的最好办法就是[.]如单词中出错的单词，试卷不会做的题目
Oct 03 2024 19:51:30,300,24,38,133,3.51,0.749,0.958,0.992,3,1,0.2506,0.0421,0.0079,0.2427,0.0627,每个人的认知都是不一样的的认知层次是多维 的，flag立了又立，如何避免[.]
Oct 03 2024 19:51:35,15,36,48,170,3.53,0.84,0.878,0.99,3,1,0.1602,0.1221,0.0099,0.1503,0.0256,使用 SuperMemo，你只需要记得两个快捷键：  [.] - 添加新的问题和回答（新增）  Ctrl+L - 重复要学习的材料（学习）
Oct 03 2024 19:52:10,153,11,18,25,1.4,0.758,0.855,0.86,3,1,0.2417,0.1449,0.1396,0.1021,0.0389,元认知，就是最高级别的认知，它能对[.]进行认知和理解（见图3-1）。
Oct 03 2024 19:52:18,295,2,3,9,3.07,0.905,0.946,0.982,3,1,0.0955,0.0543,0.0178,0.0777,0.0088,再往深了说，焦虑并不完全源于我们的[.]，而是来自我们大脑的生理结构。我们已经知道人类的天生属性是避难趋易和急于求成，也就是说，在我们内心深处早就埋下了这样的种子：急于求成，想同时做很多事；避难趋易，想不怎么努力就立即看到效果。 这才是焦虑真正的根源！焦虑是天性，是人类的默认设置。
Oct 04 2024 21:23:33,194,33,56,100,1.79,0.297,0.9,0.982,4,1,0.7029,0.0997,0.018,0.6849,0.4937,娱乐热点并非没有价值，浅层知识也同样具有意义，但前提是你需要具备[.]
Oct 04 2024 21:23:56,329,2,5,1,0.2,0.959,0.811,0.956,2,0,0.9594,0.8111,0.956,0.0034,0.0066,在我看来，一切的学习和努力无非三个目标：一是[.]问题，二是[.]问题，三是[.]问题。应该说，没有哪个人的学习会超过这个范畴，
Oct 04 2024 21:24:08,135,12,18,21,1.19,0.9,0.88,0.922,3,1,0.1,0.1201,0.0783,0.0217,0.0039,“熔断不读书法”。意思就是在读书时一旦看到有启发的内容，就触发熔断点，立刻停止读书。停止读书之后做什么呢？围绕这个触发点对自己提问。 [.]
Oct 05 2024 21:11:49,329,1,3,1,0.33,0.972,0.901,0.983,2,0,0.972,0.9008,0.983,-0.011,-0.0214,在我看来，一切的学习和努力无非三个目标：一是[.]问题，二是[.]问题，三是[.]问题。应该说，没有哪个人的学习会超过这个范畴，
Oct 05 2024 21:12:04,275,13,17,31,1.81,0.853,0.905,0.947,3,1,0.1474,0.0949,0.0534,0.094,0.0189,认知清晰，情绪平和，最终还要行动坚定。很多人把行动力不足的原因归结为环境干扰或是意志力弱，其实，行动力不足的真正原因是[.]。
Oct 05 2024 21:12:12,228,16,25,148,5.91,0.94,0.977,0.994,3,1,0.0601,0.0231,0.0064,0.0537,0.0036,在要解决的更复杂问题中，强烈建议记住[.]（在算法学习中），确保大脑在解决问题的同时始终遵循最快的路径方法。
Oct 07 2024 07:46:08,139,13,17,18,1.08,0.79,0.843,0.888,3,1,0.21,0.1571,0.1124,0.0975,0.0314,在《认知觉醒》中，提到了认知的模糊是来自与什么原因？ [.]
Oct 07 2024 07:46:20,197,14,20,27,1.36,0.923,0.899,0.921,3,1,0.0767,0.1008,0.0795,-0.0028,-0.0004,问题:通过[提取以手段来掌握知识]的现象称为什么？  [.]
Oct 07 2024 07:46:40,329,2,3,7,2.39,0.941,0.859,0.945,3,1,0.0595,0.1408,0.055,0.0045,0.0005,在我看来，一切的学习和努力无非三个目标：一是[.]问题，二是[.]问题，三是[.]问题。应该说，没有哪个人的学习会超过这个范畴，
Oct 07 2024 07:47:55,177,25,31,26,0.85,0.78,0.808,0.825,3,1,0.2197,0.1923,0.1747,0.0449,0.0177,本能脑和情绪脑虽然看起来很低级，但它们掌管着[.]，时刻掌控我们的视觉、听觉、触觉……调控着呼吸、心跳、血压……因此其运行速度极快，至少可达11 000 000次/秒，堪比当今世界上运行速度最快的个人计算机；
Oct 07 2024 07:48:03,232,15,31,23,0.74,0.963,0.889,0.927,3,1,0.0369,0.1113,0.0726,-0.0357,-0.0039,可惜“走神一时爽”，事后我们就得承担走神带来的各种损失，其中最大的损失莫过于[.]。因为走神时，我们要么沉浸过去，要么担忧将来，要么幻想不可能实现的情况，走神可以让我们活在任何时候，唯独不能让我们活在当下。
Oct 07 2024 07:48:11,382,14,25,95,3.81,0.843,0.964,0.993,3,1,0.157,0.0356,0.0074,0.1497,0.0246,投入时间”这个说法本身就是荒唐的，实际投入的是[.]的乘积。
Oct 07 2024 07:48:27,370,15,4,1,0.25,0.875,0.976,0.994,2,0,0.8754,0.9755,0.9935,-0.1182,-0.2209,人与人之间的差距不是来自年龄，甚至不是来自经验，而是来自[.]的能力。
Oct 07 2024 07:56:12,193,23,35,175,5,0.896,0.969,0.993,3,1,0.1042,0.0306,0.0069,0.0973,0.0108,在上文中，我介绍了“主动选择信息”和“深度沉浸”两个概念，但前者只是入口，后者才是关键。 那如何获得深度沉浸，[.]：
Oct 08 2024 07:55:56,264,10,13,8,0.63,0.875,0.88,0.698,3,1,0.1246,0.1205,0.302,-0.1774,-0.0757,这个规律表明，学习进展与时间的是一种[.]
Oct 08 2024 07:56:25,253,5,9,11,1.21,0.88,0.634,0.923,3,1,0.1197,0.3658,0.0772,0.0426,0.0084,知识管理的核心实际是通过管理知识提升[.]，进而改变我们的行为模式。
Oct 08 2024 07:56:36,370,1,2,4,1.98,0.973,0.899,0.937,3,1,0.0273,0.1005,0.0634,-0.036,-0.0033,人与人之间的差距不是来自年龄，甚至不是来自经验，而是来自[.]的能力。
10月 09 2024 15:58:29,248,36,51,162,3.18,0.466,0.916,0.989,3,1,0.5343,0.0835,0.0109,0.5233,0.2853,老师先示范左手，再示范右手，再合起来弹一遍，让我大概知道这一首曲子出来是什么样子。接下来一周我就要努力练成这样子，周末的时候验收。不通过，继续练，通过，再到下一首曲子。如此循环两年，最后练成的曲子直接达到十级。在学习过程当中，完全不接触音乐理论。 .
Oct 10 2024 12:04:31,237,7,9,13,1.42,0.815,0.899,0.963,3,1,0.1852,0.1012,0.0371,0.1482,0.0329,在拉伸区练习要保证有关注点，越多越细致，注意力越集中 为了跳出舒适区的最好办法就是[.]如单词中出错的单词，试卷不会做的题目
Oct 10 2024 12:06:00,317,23,39,98,2.5,0.921,0.973,0.983,3,1,0.0787,0.0272,0.0169,0.0618,0.0059,如何获取关联能力 成为大师并不神奇，只要开启了暗箱，我们也有机会成为大师。关联能力能够让人加速演化，获取杠杆。结合上文，我们很容易梳理出几条实现路径。 首先，手中有锤子。如果你对某 .
Oct 11 2024 11:16:37,33,62,99,263,2.66,0.467,0.92,0.989,4,1,0.5328,0.0801,0.0105,0.5222,0.2837,你可以按 [.] 排除一张你不想学习的卡片
Oct 11 2024 11:16:59,261,39,77,171,2.21,0.577,0.917,0.989,3,1,0.4234,0.0835,0.0107,0.4128,0.1792,作者周岭创建  的概念-元时间-是指 [.]
Oct 11 2024 11:17:05,257,25,42,173,4.12,0.902,0.968,0.993,3,1,0.0977,0.0324,0.0069,0.0907,0.0095,为了避开这种误区，我们一定要记住：理智脑不是[.]的，干活是本能脑和情绪脑的事情，因为它们的“力气”大；上天赋予理智脑智慧，是让它驱动本能和情绪，而不是直接取代它们。
Oct 11 2024 11:20:21,408,8,3,1,0.33,0.8,0.459,0.888,2,0,0.8,0.4591,0.8878,-0.0878,-0.1482,知识管理的核心实际是通过管理知识提升我们的认知深度，进而改变[.]。
Oct 11 2024 11:20:47,360,3,5,8,1.52,0.929,0.728,0.945,3,1,0.0711,0.2718,0.0555,0.0156,0.002,因此，本书对知识的定义就是：那些[.]的信息。
Oct 12 2024 07:47:10,408,1,2,2,1.25,0.974,0.914,0.937,3,1,0.0265,0.0859,0.0633,-0.0368,-0.0033,知识管理的核心实际是通过管理知识提升我们的认知深度，进而改变[.]。
Oct 12 2024 07:51:29,370,4,6,10,1.61,0.818,0.864,0.941,3,1,0.1818,0.136,0.059,0.1229,0.0296,人与人之间的差距不是来自年龄，甚至不是来自经验，而是来自[.]的能力。
Oct 12 2024 07:51:38,293,28,45,152,3.38,0.879,0.965,0.983,3,1,0.1211,0.0345,0.0172,0.1039,0.0144,[.]是这个世界的进化机制。有[.]，并形成回路，就可能使任何系统开始自我进化，无论机械设计还是软件系统都是如此。而元认知正是人类认知能力的[.] 回路，有了它，我们才可能进入快速进化的通道。
Oct 12 2024 07:52:18,295,9,13,20,1.54,0.758,0.875,0.959,3,1,0.2422,0.1248,0.0415,0.2008,0.057,再往深了说，焦虑并不完全源于我们的[.]，而是来自我们大脑的生理结构。我们已经知道人类的天生属性是避难趋易和急于求成，也就是说，在我们内心深处早就埋下了这样的种子：急于求成，想同时做很多事；避难趋易，想不怎么努力就立即看到效果。 这才是焦虑真正的根源！焦虑是天性，是人类的默认设置。
Oct 12 2024 07:52:36,324,5,9,13,1.49,0.886,0.6,0.92,3,1,0.1145,0.4004,0.0798,0.0347,0.0067,而绿灯思维是，当我们遇到新观点或不同的意见时，[.]
Oct 12 2024 07:53:22,338,5,9,11,1.26,0.886,0.597,0.92,3,1,0.1139,0.4033,0.0804,0.0336,0.0065,如果我们的学习是在了解问题本质，了解解决方案的底层规律，能够让我们认清楚问题表象背后的实质，那我们就是在提升[.]效率。
Oct 13 2024 07:04:13,424,6,11,12,1.07,0.866,0.537,0.908,3,1,0.1342,0.4629,0.0916,0.0426,0.0096,如果我们的学习是在不断掌握应对具体工作场景和问题的方法，那就是在努力提升[.]效率。在这种模式下，我们遇到每个新问题都要学习新知识。 如果我们的学习是在了解问题本质，了解解决方案的 .
Oct 13 2024 07:06:15,349,15,22,163,7.4,0.881,0.975,0.994,3,1,0.1189,0.0251,0.0064,0.1125,0.0141,考试得了高分，不叫有知识；茶余饭后能高谈阔论，这也不叫有知识。这些场合下，知识虽然有用，但是这些知识都不太牵扯到具体的得失，所以只是智力游戏。只有当局势不明朗、没有人告诉你该怎么办，而错误的判断又会导致一些不良的后果时，你要是能因为有知识而敢于[ .
Oct 13 2024 07:06:30,9,64,105,274,2.61,0.461,0.918,0.99,3,1,0.5393,0.082,0.0103,0.5289,0.2907,任何你使用 SuperMemo 学习的材料都会回来找你，让你复习和重复。每一天，你需要复习安排好的部分学习材料。按下 Ctrl+L，或点击[.]按钮  让我们再测试一次！（按下回车）
Oct 13 2024 07:06:52,14,34,42,115,2.74,0.826,0.903,0.983,3,1,0.1741,0.0968,0.0171,0.157,0.03,使用 SuperMemo，你只需要记得两个快捷键：  Alt+A - 添加新的问题和回答（新增）  [.] - 重复要学习的材料（学习）
Oct 14 2024 11:13:02,49,44,75,65,0.87,0.929,0.891,0.891,3,1,0.0713,0.1093,0.1093,-0.038,-0.0069,选中[.]，并按下（Alt+Z），可创建问答卡片（完型填空）
Oct 14 2024 11:13:15,239,16,19,31,1.62,0.897,0.933,0.933,3,1,0.1034,0.0668,0.0668,0.0366,0.0062,理智脑的特点是运行的速度[.]，并且[.]
Oct 14 2024 11:13:22,367,6,11,22,2.01,0.867,0.526,0.906,3,1,0.1333,0.4738,0.0937,0.0396,0.009,3.从答案的效果上看，简单的答案往往只能用于解决一个特定的问题；而有深度的答案能够更[.]解决类似问题，启发我们由此及彼、由表及里地思考问题。
Oct 14 2024 11:13:39,329,7,11,19,1.72,0.839,0.834,0.936,3,1,0.161,0.1662,0.0644,0.0967,0.0218,在我看来，一切的学习和努力无非三个目标：一是[.]问题，二是[.]问题，三是[.]问题。应该说，没有哪个人的学习会超过这个范畴，
Oct 14 2024 11:13:57,408,2,3,4,1.48,0.905,0.911,0.893,3,1,0.0955,0.0886,0.1074,-0.0119,-0.0024,知识管理的核心实际是通过管理知识提升我们的认知深度，进而改变[.]。
Oct 14 2024 11:17:47,426,5,9,13,1.47,0.888,0.601,0.92,3,1,0.1119,0.3991,0.0796,0.0323,0.0062,斜杠是提升认知深度的结果，而不是追求[.]的结果。
Oct 14 2024 11:17:52,199,6,11,14,1.3,0.868,0.521,0.905,3,1,0.1318,0.4789,0.0947,0.0372,0.0084,3.从答案的效果上看，简单的答案往往只能用于解决[.]问题；而有深度的答案能够更普遍地解决类似问题，启发我们由此及彼、由表及里地思考问题。
Oct 14 2024 11:21:02,341,3,5,11,2.2,0.932,0.724,0.944,3,1,0.0682,0.2756,0.0562,0.012,0.0015,从回答的思考方式看，简单的答案往往是根据自己的[.]做出回答；而有深度的答案往往依托于有实验验证或者数据分析支持的结论。
Oct 15 2024 21:50:59,52,63,113,123,1.09,0.636,0.93,0.971,3,1,0.3638,0.0696,0.0288,0.335,0.1316,在你创建一个完型填空后，你可以点击[.]按钮，或按下Alt+??查看你挖空的结果
Oct 15 2024 21:51:05,219,22,34,51,1.49,0.925,0.894,0.91,3,1,0.0753,0.1057,0.0904,-0.0151,-0.0025,分心走神的本质是[.]，所以，面对困难时，身心分离的人总会不自觉地退回舒适区，而身心合一的人则更容易跳出舒适区，直面困难。
Oct 15 2024 21:51:28,271,42,79,151,1.91,0.505,0.913,0.989,3,1,0.4952,0.0865,0.0105,0.4846,0.2451,在实现目标的过程中，遇到的问题太大，模糊，太困难，该如何？ [.]
Oct 16 2024 15:11:52,39,27,42,186,4.42,0.934,0.933,0.991,3,1,0.0657,0.0667,0.0091,0.0566,0.0042,导入一篇网络文章到 SuperMemo：  在你的网页浏览器，复制选中的文本（Ctrl+C）  在 SuperMemo，点击[.]）
Oct 16 2024 15:12:48,339,5,9,15,1.63,0.89,0.572,0.915,3,1,0.1105,0.4277,0.085,0.0255,0.005,1.从形式上看，简单的回答往往是对具体的问题或事情本身做出回答；而深度回答却是在[.]。
Oct 16 2024 15:13:00,141,7,4,3,0.63,0.839,0.468,0.895,2,0,0.8389,0.4683,0.8954,-0.0565,-0.0979,斜杠是提升[.]的结果，而不是追求多元的结果。
Oct 17 2024 15:30:11,407,6,11,18,1.63,0.861,0.516,0.909,3,1,0.1389,0.4835,0.0909,0.048,0.011,从回答的思考方式看，简单的答案往往是根据自己的直观感受、情绪与经验做出回答；而有深度的答案往往依托于有[.]支持的结论。
Oct 17 2024 15:30:19,333,6,11,18,1.66,0.862,0.512,0.908,3,1,0.138,0.4882,0.0917,0.0463,0.0106,1.从形式上看，简单的回答往往是对[.]做出回答；而深度回答却是在分析具体现象之后找出抽象规律。
Oct 17 2024 15:30:23,365,7,14,14,1,0.843,0.461,0.899,3,1,0.1567,0.5395,0.1009,0.0558,0.0144,我们的所有观点、结论，本质上都是一个假设。观点和结论的好坏，取决于[.]。
Oct 18 2024 13:28:00,38,48,86,152,1.77,0.93,0.956,0.982,3,1,0.0698,0.0442,0.0181,0.0517,0.0045,导入一篇网络文章到 SuperMemo：  在你的网页浏览器，复制选中的文本（[.]）  在 SuperMemo，点击（Ctrl+N）
Oct 18 2024 13:28:06,408,4,6,14,2.31,0.89,0.931,0.931,3,1,0.1105,0.0692,0.0692,0.0412,0.0074,知识管理的核心实际是通过管理知识提升我们的认知深度，进而改变[.]。
Oct 19 2024 14:06:59,253,11,17,87,5.09,0.907,0.977,0.994,3,1,0.0934,0.0231,0.0062,0.0872,0.0087,知识管理的核心实际是通过管理知识提升[.]，进而改变我们的行为模式。
10月 19 2024 21:41:12,438,4,8,19,2.33,0.907,0.641,0.932,3,1,0.0926,0.3588,0.0685,0.0241,0.0039,在心理学上，有一个概念叫“认知失调”。[.]
10月 19 2024 21:41:15,141,3,5,8,1.59,0.925,0.709,0.963,3,1,0.0749,0.2914,0.0368,0.0381,0.0043,斜杠是提升[.]的结果，而不是追求多元的结果。
10月 19 2024 21:41:24,360,8,12,107,8.95,0.875,0.979,0.994,3,1,0.1252,0.0211,0.006,0.1192,0.0156,因此，本书对知识的定义就是：那些[.]的信息。
10月 19 2024 21:41:38,423,12,26,43,1.64,0.76,0.245,0.86,3,1,0.2405,0.7553,0.1397,0.1008,0.0383,这件事情说起来很简单，但是要真正做到绿灯思维却不容易，我们还必须建立一个更基础的认识，那就是：[.]即我是好的，但是我的观点和行为在开始时总不是最佳的。
Oct 20 2024 12:44:26,446,4,4,1,0.36,0.91,0.644,0.932,2,0,0.9097,0.6438,0.932,-0.0223,-0.041,有深度的认知能力是这样的：在分析问题的时候，能够跳出问题本身思考[.]；
Oct 20 2024 12:44:45,180,33,58,169,2.91,0.894,0.962,0.984,3,1,0.1062,0.038,0.016,0.0902,0.011,再往深了说，焦虑并不完全源于我们的主观意识，而是来自我们大脑的[.]。我们已经知道人类的天生属性是避难趋易和急于求成，也就是说，在我们内心深处早就埋下了这样的种子：急于求成，想同时做很多事；避难趋易，想不怎么努力就立即看到效果。 这才是焦虑真正的根源！焦虑是天性，是人类的默认设置。
Oct 20 2024 12:44:51,445,4,8,12,1.48,0.91,0.642,0.935,3,1,0.0901,0.358,0.0653,0.0248,0.0039,有深度的认知能力是这样的：在分析问题的时候，能够跳出[.]思考更普遍的情况；
Oct 21 2024 11:17:13,446,1,2,3,1.3,0.975,0.906,0.942,3,1,0.0255,0.0942,0.0576,-0.0321,-0.0027,有深度的认知能力是这样的：在分析问题的时候，能够跳出问题本身思考[.]；
Oct 21 2024 11:17:19,283,20,4,1,0.25,0.934,0.926,0.926,2,0,0.9344,0.9264,0.9264,0.0081,0.015,元认知能力强的一个突出表现是：[.]换句话说，就是想尽一切办法让自己找出那个最重要的、唯一的选项，让自己在某一个时间段里只有一条路可以走。这道理很简单，既然权重都差不多，那么做哪件事都没有损失。犹豫不决，什么都想做又什么都做不好，才是最大的损失
Oct 21 2024 11:17:28,372,4,7,14,1.98,0.911,0.646,0.935,3,1,0.0893,0.3544,0.0647,0.0247,0.0038,反思不是总结，至少两者的侧重点非常不同。，而反思是[.]进行分析。
Oct 21 2024 11:17:56,309,7,13,24,1.83,0.851,0.447,0.901,3,1,0.1492,0.5534,0.0986,0.0506,0.0125,“损失规避效应”是[.]
Oct 21 2024 11:18:01,380,23,34,209,6.13,0.872,0.971,0.993,3,1,0.1285,0.0294,0.0065,0.1219,0.0165,为了适应陆地生活，爬行动物演化出了最初的“本能脑”。本能脑的结构很简单，只有一个原始的[.]模块，可以让爬行动物对环境快速做出本能反应，比如遇到危险就战斗或逃跑，遇到猎物就捕食，遇到心仪的异性就追求等。
Oct 21 2024 11:18:36,322,5,4,1,0.25,0.887,0.571,0.923,2,0,0.8874,0.571,0.9226,-0.0352,-0.0637,那么，为什么这些可信度高、适用范围广的结论更容易产生临界知识呢？  这个问题要从临界知识的本质特征说起。 其实临界知识的思想核心是用[.]。 简言之，就是解决问题最稳妥的办法是拿可信度更高的方法去处理问题。
Oct 22 2024 10:04:51,264,14,17,21,1.24,0.891,0.881,0.942,3,1,0.1088,0.119,0.0582,0.0506,0.0085,这个规律表明，学习进展与时间的是一种[.]
Oct 22 2024 10:05:03,117,8,15,33,2.2,0.829,0.396,0.898,3,1,0.1711,0.6036,0.1024,0.0686,0.0188,第二个假设：复杂系统不是简单的因果关系累加，而是[.]的动态系统。
Oct 22 2024 10:05:23,181,24,37,26,0.69,0.933,0.91,0.91,3,1,0.0666,0.09,0.09,-0.0234,-0.0037,如何知道一个知识是否纳入到了自己的知识体系中？  [.]
Oct 22 2024 10:06:58,322,1,2,3,1.32,0.975,0.905,0.945,3,1,0.0253,0.0953,0.0547,-0.0294,-0.0023,那么，为什么这些可信度高、适用范围广的结论更容易产生临界知识呢？  这个问题要从临界知识的本质特征说起。 其实临界知识的思想核心是用[.]。 简言之，就是解决问题最稳妥的办法是拿可信度更高的方法去处理问题。
Oct 22 2024 10:07:02,283,1,2,3,1.37,0.972,0.905,0.948,3,1,0.0276,0.0954,0.0523,-0.0247,-0.002,元认知能力强的一个突出表现是：[.]换句话说，就是想尽一切办法让自己找出那个最重要的、唯一的选项，让自己在某一个时间段里只有一条路可以走。这道理很简单，既然权重都差不多，那么做哪件事都没有损失。犹豫不决，什么都想做又什么都做不好，才是最大的损失
Oct 22 2024 10:07:15,411,8,15,32,2.12,0.834,0.394,0.897,3,1,0.1663,0.6059,0.1028,0.0635,0.0171,第二个假设：复杂系统不是[.]，而是各因素相互影响的动态系统。
Oct 22 2024 10:07:25,157,5,4,1,0.25,0.889,0.569,0.926,1,0,0.8889,0.5692,0.9257,-0.0368,-0.0667,什么是能力圈？  能力圈是由[.]组成的，而且在这些领域里，你要比90%的人都做得好。
Oct 22 2024 10:07:56,370,10,13,26,1.97,0.853,0.864,0.911,3,1,0.1472,0.1363,0.0885,0.0587,0.0138,人与人之间的差距不是来自年龄，甚至不是来自经验，而是来自[.]的能力。
Oct 22 2024 10:08:24,146,8,15,20,1.34,0.83,0.389,0.901,3,1,0.1695,0.6108,0.0992,0.0703,0.0189,第二，教别人的过程，为什么是一个强化记忆和认识的过程？（场景）   [.]
Oct 23 2024 15:42:48,237,13,16,21,1.32,0.86,0.883,0.916,3,1,0.1401,0.1168,0.0836,0.0565,0.0126,在拉伸区练习要保证有关注点，越多越细致，注意力越集中 为了跳出舒适区的最好办法就是[.]如单词中出错的单词，试卷不会做的题目
Oct 23 2024 15:46:51,338,11,17,113,6.63,0.908,0.978,0.994,3,1,0.0924,0.0219,0.0061,0.0863,0.0085,如果我们的学习是在了解问题本质，了解解决方案的底层规律，能够让我们认清楚问题表象背后的实质，那我们就是在提升[.]效率。
Oct 23 2024 15:47:12,444,8,4,1,0.25,0.821,0.397,0.902,2,0,0.8209,0.3966,0.9019,-0.081,-0.1395,我把这种在需要抉择时，思考与决策受情绪和感受简单左右的过程称为[.]。 比如面对结婚是否买房的压力时，临近毕业找工作面对各种选择时……类似的情况太多太多，从中都会看到我们应激性反应的影子。而这种对单个事件本身做出反应的方式，进一步影响到我们生活中的其他决策，逐步促使我们形成了单因果的思考方式。换句话说，我们在考虑得失时，很容易陷入细节的问题或表象的问题里。
Oct 23 2024 15:48:25,527,3,4,1,0.25,0.927,0.687,0.949,1,0,0.9272,0.6869,0.9491,-0.0219,-0.0411,有深度的认知能力是这样的：在寻求答案的时候，能够[.]
Oct 23 2024 15:49:04,128,8,15,27,1.77,0.82,0.392,0.909,3,1,0.1801,0.6077,0.0911,0.089,0.0241,确实，有的人更加冒险，有的人更加保守。不过在我看来，这种差别更多来自我们对未来的相信程度。换句话说，如果乔伊丝的父亲事先可以知道送女儿去高中会让家族的命运发生改变的话，你觉得他会不 .
Oct 23 2024 15:49:34,379,11,4,1,0.37,0.75,0.252,0.889,1,0,0.7497,0.2524,0.8889,-0.1392,-0.2281,很多时候，复杂的世界是由[.]决定的。
Oct 23 2024 15:49:58,157,1,3,1,0.33,0.968,0.878,0.954,2,0,0.9685,0.8777,0.9544,0.0141,0.0271,什么是能力圈？  能力圈是由[.]组成的，而且在这些领域里，你要比90%的人都做得好。
Oct 24 2024 18:45:19,204,54,81,211,2.61,0.547,0.927,0.991,3,1,0.4528,0.073,0.0093,0.4435,0.2049,人的天性就是[.]
Oct 24 2024 18:45:32,429,13,29,59,2.05,0.72,0.204,0.872,3,1,0.2802,0.7958,0.128,0.1522,0.0621,“划小圈”意思是[.]。比如，在像武术这样的技能类训练当中，划小圈的内容可能是蹲马步、打直拳等。
Oct 24 2024 18:45:37,286,22,26,89,3.42,0.824,0.967,0.967,3,1,0.1757,0.0335,0.0335,0.1422,0.0297,熔断不读书法，触动学习法等学习的方法的本质就是： 先用感性能力帮助自己选择，再用理性能力帮助自己思考。[.]
Oct 24 2024 18:46:04,527,1,2,3,1.59,0.973,0.888,0.953,3,1,0.0273,0.1116,0.0474,-0.0201,-0.0015,有深度的认知能力是这样的：在寻求答案的时候，能够[.]
Oct 24 2024 18:46:25,277,22,3,4,1.33,0.862,0.96,0.993,2,0,0.8619,0.9596,0.9928,-0.1309,-0.2428,如何捕捉感性 感性能力虽然很厉害，但它看起来  虚无缥缈，我们该如何捕捉它呢？以下做法不妨参考一下。 （1）“最”字法。 （2）“总”字法。 （3）[.]。。 （4）梦境。 （5）身体。
10月 24 2024 19:08:48,379,1,3,1,0.33,0.971,0.887,0.954,2,0,0.9706,0.887,0.9542,0.0165,0.0317,很多时候，复杂的世界是由[.]决定的(临界知识)。
10月 24 2024 19:10:32,444,1,2,3,1.41,0.973,0.887,0.926,3,1,0.0272,0.1133,0.0744,-0.0472,-0.0048,我把这种在需要抉择时，思考与决策受情绪和感受简单左右的过程称为[.]。 比如面对结婚是否买房的压力时，临近毕业找工作面对各种选择时……类似的情况太多太多，从中都会看到我们应激性反应的影子。而这种对单个事件本身做出反应的方式，进一步影响到我们生活中的其他决策，逐步促使我们形成了单因果的思考方式。换句话说，我们在考虑得失时，很容易陷入细节的问题或表象的问题里。
10月 24 2024 19:10:49,164,53,97,163,1.68,0.7,0.923,0.978,3,1,0.2996,0.077,0.0224,0.2772,0.0893,舒适区边缘另一个重要的规律是它揭示了能力成长的普遍法则：无论个体还是群体，其能力都以“舒适区―拉伸区[2]―困难区”的形式分布，要想让自己高效成长，必须让自己始终处于[.]，贸然跨到困难区会让自己受挫，而始终停留在舒适区会让自己停滞 #Title: 未知 : 上篇　内观自己，摆脱焦虑 #Date: Imported on Aug 18_ 2024 .
10月 24 2024 19:10:54,446,3,4,5,1.25,0.86,0.881,0.901,3,1,0.1397,0.1195,0.0993,0.0404,0.0097,有深度的认知能力是这样的：在分析问题的时候，能够跳出问题本身思考[.]；
10月 24 2024 19:11:06,157,1,2,7,3.43,0.97,0.887,0.928,3,1,0.0295,0.1131,0.0722,-0.0427,-0.0043,什么是能力圈？  能力圈是由[.]组成的，而且在这些领域里，你要比90%的人都做得好。
10月 24 2024 19:11:31,439,10,21,40,1.92,0.783,0.289,0.885,3,1,0.217,0.7108,0.1148,0.1023,0.0339,这种面对某些问题，不假思索就做出某种行为的现象，每个人都有。从生物学的角度来看，不需要对每一件事情都进行大量的思考就可以做出决策，能让我们生活得更加轻松。不过，我们为什么会不假思索就采取某些行动？ .
Oct 25 2024 10:37:14,139,18,22,54,2.44,0.892,0.93,0.987,3,1,0.1083,0.0702,0.0133,0.095,0.0116,在《认知觉醒》中，提到了认知的模糊是来自与什么原因？ [.]
Oct 25 2024 10:37:37,424,12,18,63,3.5,0.912,0.979,0.979,3,1,0.0882,0.0211,0.0206,0.0675,0.0074,如果我们的学习是在不断掌握应对具体工作场景和问题的方法，那就是在努力提升[.]效率。在这种模式下，我们遇到每个新问题都要学习新知识。 如果我们的学习是在了解问题本质，了解解决方案的 .
Oct 25 2024 10:37:42,379,1,2,1,0.5,0.971,0.934,0.917,3,1,0.0289,0.0657,0.0825,-0.0536,-0.006,很多时候，复杂的世界是由[.]决定的(临界知识)。
Oct 25 2024 10:38:42,307,10,21,32,1.54,0.788,0.316,0.889,3,1,0.2124,0.6839,0.1106,0.1018,0.0329,记录是[.]的过程，是挖掘看得见的事情背后看不见的关系。
Oct 25 2024 10:38:46,283,3,5,7,1.46,0.86,0.891,0.929,3,1,0.1397,0.1086,0.0709,0.0688,0.0145,元认知能力强的一个突出表现是：[.]换句话说，就是想尽一切办法让自己找出那个最重要的、唯一的选项，让自己在某一个时间段里只有一条路可以走。这道理很简单，既然权重都差不多，那么做哪件事都没有损失。犹豫不决，什么都想做又什么都做不好，才是最大的损失
Oct 25 2024 10:39:02,135,21,27,48,1.78,0.876,0.912,0.942,3,1,0.1243,0.0879,0.0577,0.0666,0.0121,“熔断不读书法”。意思就是在读书时一旦看到有启发的内容，就触发熔断点，立刻停止读书。停止读书之后做什么呢？围绕这个触发点对自己提问。 [.]
Oct 25 2024 10:39:39,322,3,5,6,1.29,0.86,0.891,0.939,3,1,0.1397,0.1086,0.0608,0.079,0.0158,那么，为什么这些可信度高、适用范围广的结论更容易产生临界知识呢？  这个问题要从临界知识的本质特征说起。 其实临界知识的思想核心是用[.]。 简言之，就是解决问题最稳妥的办法是拿可信度更高的方法去处理问题。
Oct 25 2024 10:41:34,533,5,4,3,0.83,0.884,0.55,0.926,1,0,0.8839,0.5505,0.9258,-0.042,-0.076,反思不是总结，至少两者的侧重点非常不同。总结是[.]
Oct 25 2024 10:41:46,357,13,29,55,1.88,0.735,0.201,0.877,3,1,0.2653,0.7986,0.1232,0.1421,0.0552,把[.]当作一次全面提升拓展自己相关知识领域的机会，能够极大地提升自己的学习深度。
Oct 25 2024 10:43:36,443,10,21,39,1.86,0.792,0.31,0.893,3,1,0.2083,0.6903,0.1071,0.1012,0.0319,在心理学上，有一个概念叫“[.]”。当我们的认知和行为不一致时，我们往往会扭曲我们的想法，使之符合我们的认知，从而减少“失调”所带来的不舒服。事实上，不靠谱的不仅仅是我们会扭曲自己的想法，甚至我们的记忆本身就很不靠谱。
Oct 25 2024 10:43:49,341,11,4,1,0.25,0.824,0.972,0.98,2,0,0.8241,0.9722,0.9797,-0.1556,-0.2807,从回答的思考方式看，简单的答案往往是根据自己的[.]做出回答；而有深度的答案往往依托于有实验验证或者数据分析支持的结论。
Oct 25 2024 10:43:52,302,4,9,13,1.49,0.911,0.612,0.938,4,1,0.089,0.3883,0.0621,0.0269,0.0041,像牛顿第二定律F=ma这样能够更广泛、更普遍地指导我们行动的重要而基本的规律，我称为“[.]”。
Oct 25 2024 10:45:56,324,13,19,44,2.3,0.886,0.975,0.98,3,1,0.1142,0.0252,0.0202,0.094,0.0126,而绿灯思维是，当我们遇到新观点或不同的意见时，PUA get the fuck up，[.]
Oct 26 2024 08:37:51,28,78,112,147,1.32,0.346,0.816,0.977,3,1,0.6539,0.1844,0.0231,0.6308,0.427,如果你[.]（点击学习按钮），SuperMemo 能确保你记住 95% 学过的内容。每天只有很小比例学习材料会被安排复习。如果你想要确保 95% 的保留率，这个比例是必要的。
Oct 26 2024 08:37:57,341,1,2,2,1.18,0.975,0.908,0.927,3,1,0.0253,0.0917,0.0726,-0.0473,-0.0046,从回答的思考方式看，简单的答案往往是根据自己的[.]做出回答；而有深度的答案往往依托于有实验验证或者数据分析支持的结论。
Oct 27 2024 08:24:13,426,13,19,88,4.65,0.886,0.975,0.98,3,1,0.114,0.0253,0.0199,0.0941,0.0126,斜杠是提升认知深度的结果，而不是追求[.]的结果。
Oct 27 2024 08:24:23,141,8,12,9,0.72,0.875,0.921,0.921,3,1,0.1252,0.0788,0.0788,0.0465,0.0095,斜杠是提升[.]的结果，而不是追求多元的结果。
Oct 27 2024 08:24:32,527,3,4,7,1.7,0.839,0.921,0.96,3,1,0.161,0.0792,0.0396,0.1214,0.0244,有深度的认知能力是这样的：在寻求答案的时候，能够[.]
Oct 27 2024 08:24:54,379,2,3,9,3,0.905,0.898,0.898,3,1,0.0955,0.1024,0.1024,-0.007,-0.0014,很多时候，复杂的世界是由[.]决定的(临界知识)。
Oct 27 2024 08:25:06,444,3,5,10,2.03,0.86,0.922,0.965,3,1,0.1397,0.0775,0.0349,0.1049,0.0183,我把这种在需要抉择时，思考与决策受情绪和感受简单左右的过程称为[.]。 比如面对结婚是否买房的压力时，临近毕业找工作面对各种选择时……类似的情况太多太多，从中都会看到我们应激性反应的影子。而这种对单个事件本身做出反应的方式，进一步影响到我们生活中的其他决策，逐步促使我们形成了单因果的思考方式。换句话说，我们在考虑得失时，很容易陷入细节的问题或表象的问题里。
Oct 27 2024 08:25:23,132,40,76,176,2.32,0.918,0.964,0.986,3,1,0.0816,0.0363,0.0138,0.0678,0.0065,在“元时间”内我们要做什么呢？很简单，就做一件事：[.]。 如果不在这些选择的节点想清楚，我们就会陷入模糊状态，而模糊是潜意识的领地，它会使我们产生本能的反应――娱乐。所以，基本的应对策略便是：在选择的节点审视自己的第一反应，并产生清晰明确的主张。
Oct 27 2024 08:25:49,306,37,4,1,0.25,0.877,0.962,0.987,2,0,0.8766,0.9625,0.9866,-0.11,-0.2049,如何获取关联能力 成为大师并不神奇，只要开启了暗箱，我们也有机会成为大师。关联能力能够让人加速演化，获取杠杆。结合上文，我们很容易梳理出几条实现路径。 [.]。如果你对某件事情没有 .
Oct 28 2024 07:57:06,153,25,34,37,1.09,0.851,0.861,0.876,3,1,0.1491,0.1385,0.1243,0.0248,0.0068,元认知，就是最高级别的认知，它能对[.]进行认知和理解（见图3-1）。
Oct 28 2024 07:57:09,22,74,102,193,1.89,0.601,0.862,0.98,3,1,0.399,0.1384,0.0196,0.3794,0.1588,你可以点击[.]按钮回到浏览的上一张卡片   你也可以按下 Alt+?? 实现同样的效果  反过来，你可以按下 Alt+?? 在之前浏览过的卡片列表上前进（就像在网页浏览器里面那样）  注：现在就试试！先按下 Alt+?? 然后按下 Alt+?? 回到当前卡片。
Oct 28 2024 07:57:15,533,3,3,1,0.33,0.913,0.738,0.97,2,0,0.9134,0.7378,0.9697,-0.0563,-0.106,反思不是总结，至少两者的侧重点非常不同。总结是[.]
Oct 28 2024 07:58:26,277,4,6,7,1.17,0.877,0.688,0.823,3,1,0.1228,0.312,0.1765,-0.0537,-0.0161,如何捕捉感性 感性能力虽然很厉害，但它看起来  虚无缥缈，我们该如何捕捉它呢？以下做法不妨参考一下。 （1）“最”字法。 （2）“总”字法。 （3）[.]。。 （4）梦境。 （5）身体。
Oct 28 2024 07:58:29,199,14,20,62,3.08,0.883,0.976,0.98,3,1,0.1165,0.0237,0.0196,0.097,0.0132,3.从答案的效果上看，简单的答案往往只能用于解决[.]问题；而有深度的答案能够更普遍地解决类似问题，启发我们由此及彼、由表及里地思考问题。
Oct 28 2024 07:58:44,306,1,2,3,1.38,0.97,0.909,0.937,3,1,0.0295,0.0912,0.0632,-0.0337,-0.0031,如何获取关联能力 成为大师并不神奇，只要开启了暗箱，我们也有机会成为大师。关联能力能够让人加速演化，获取杠杆。结合上文，我们很容易梳理出几条实现路径。 [.]。如果你对某件事情没有 .
Oct 28 2024 07:59:00,341,2,3,4,1.38,0.905,0.922,0.921,3,1,0.0955,0.0783,0.079,0.0165,0.0029,从回答的思考方式看，简单的答案往往是根据自己的[.]做出回答；而有深度的答案往往依托于有实验验证或者数据分析支持的结论。
Oct 29 2024 07:34:56,446,5,7,7,1.01,0.89,0.948,0.973,3,1,0.1105,0.052,0.0269,0.0836,0.0115,有深度的认知能力是这样的：在分析问题的时候，能够跳出问题本身思考[.]；
Oct 29 2024 07:35:10,533,1,2,8,3.84,0.968,0.901,0.936,3,1,0.032,0.0985,0.0642,-0.0322,-0.0031,反思不是总结，至少两者的侧重点非常不同。总结是[.]
Oct 29 2024 07:35:24,287,37,57,171,3,0.893,0.967,0.988,3,1,0.1067,0.0334,0.0124,0.0943,0.0112,如何获取关联能力 成为大师并不神奇，只要开启了暗箱，我们也有机会成为大师。关联能力能够让人加速演化，获取杠杆。结合上文，我们很容易梳理出几条实现路径。 首先，手中有锤子。如果你对某 .
Oct 30 2024 12:59:24,232,23,34,55,1.63,0.925,0.903,0.903,3,1,0.075,0.0972,0.0972,-0.0222,-0.0038,可惜“走神一时爽”，事后我们就得承担走神带来的各种损失，其中最大的损失莫过于[.]。因为走神时，我们要么沉浸过去，要么担忧将来，要么幻想不可能实现的情况，走神可以让我们活在任何时候，唯独不能让我们活在当下。
Oct 30 2024 12:59:28,549,5,10,30,2.96,0.873,0.531,0.926,3,1,0.1265,0.4693,0.0742,0.0523,0.0105,黄金思维圈的最基本应用便是：[.]我在前文中也提到了这个观点，但是没有做深入的介绍。本章我就详细聊一聊这个简单而又重要的基本方法。  所谓黄金思维圈，其实是我们认知世界的方式。我们 .
Oct 31 2024 07:39:08,339,15,21,77,3.67,0.847,0.972,0.981,3,1,0.153,0.0276,0.0191,0.1339,0.023,1.从形式上看，简单的回答往往是对具体的问题或事情本身做出回答；而深度回答却是在[.]。
Oct 31 2024 07:39:23,758,1,2,1,0.55,0.973,0.908,0.982,3,1,0.0267,0.0925,0.018,0.0086,0.0004,在变化的环境里，行动的跟进常常是迟缓的，我们会在新的环境中“与鬼共舞”。因此，我们应该构建信息优势，让自己及时看到环境的变化。  但是，知道和做到是两码事。[.]（精益创业）和模仿同级别最优秀人的做法，能够让你在没有冒险基因的情况下，更好地把知道变为行动。
Oct 31 2024 07:39:51,365,14,4,1,0.25,0.916,0.979,0.981,2,0,0.9159,0.9786,0.9812,-0.0653,-0.1239,我们的所有观点、结论，本质上都是一个假设。观点和结论的好坏，取决于[.]。
Oct 31 2024 07:40:07,322,6,8,12,1.55,0.89,0.912,0.961,3,1,0.1105,0.0876,0.039,0.0715,0.0107,那么，为什么这些可信度高、适用范围广的结论更容易产生临界知识呢？  这个问题要从临界知识的本质特征说起。 其实临界知识的思想核心是用[.]。 简言之，就是解决问题最稳妥的办法是拿可信度更高的方法去处理问题。
Oct 31 2024 07:40:11,157,7,12,19,1.56,0.704,0.814,0.928,3,1,0.2962,0.1857,0.0716,0.2246,0.0826,什么是能力圈？  能力圈是由[.]组成的，而且在这些领域里，你要比90%的人都做得好。
Oct 31 2024 07:40:16,750,2,3,7,2.39,0.947,0.778,0.963,3,1,0.0525,0.2224,0.0374,0.0151,0.0014,刻意练习至少有两方面的重复：第一，在不同的场景中，重复应用同一个临界知识；第二，在[.]里，重复应用同一个临界知识。
Oct 31 2024 07:40:20,306,3,4,14,3.44,0.877,0.892,0.89,3,1,0.1234,0.108,0.1102,0.0132,0.0031,如何获取关联能力 成为大师并不神奇，只要开启了暗箱，我们也有机会成为大师。关联能力能够让人加速演化，获取杠杆。结合上文，我们很容易梳理出几条实现路径。 [.]。如果你对某件事情没有 .
Nov 01 2024 12:55:53,290,52,69,243,3.52,0.41,0.911,0.982,3,1,0.5896,0.0886,0.0184,0.5712,0.3473,稀缺心态，让人变笨的本质是：[.]
Nov 01 2024 12:56:19,408,14,18,24,1.32,0.749,0.834,0.936,3,1,0.2511,0.166,0.0643,0.1868,0.0589,知识管理的核心实际是通过管理知识提升我们的认知深度，进而改变[.]。
Nov 01 2024 12:56:31,365,1,2,9,4.46,0.971,0.88,0.928,3,1,0.0292,0.1196,0.0717,-0.0426,-0.0043,我们的所有观点、结论，本质上都是一个假设。观点和结论的好坏，取决于[.]。
Nov 01 2024 12:57:15,295,20,25,20,0.81,0.841,0.882,0.882,3,1,0.1588,0.1181,0.1181,0.0407,0.0113,再往深了说，焦虑并不完全源于我们的[.]，而是来自我们大脑的生理结构。我们已经知道人类的天生属性是避难趋易和急于求成，也就是说，在我们内心深处早就埋下了这样的种子：急于求成，想同时做很多事；避难趋易，想不怎么努力就立即看到效果。 这才是焦虑真正的根源！焦虑是天性，是人类的默认设置。
Nov 01 2024 12:57:27,445,12,18,51,2.81,0.865,0.973,0.981,3,1,0.1353,0.0265,0.0188,0.1165,0.0179,有深度的认知能力是这样的：在分析问题的时候，能够跳出[.]思考更普遍的情况；
Nov 01 2024 12:58:50,519,13,3,1,0.33,0.68,0.202,0.877,1,0,0.6805,0.2024,0.877,-0.1965,-0.306,如何对结论的可能适用范围和可能的局限会有更清晰的认识？  [.] 3.尝试用更加基本的原理来解释这个知识 这一步工作就到了寻找和建立临界知识的关键步骤。这一步骤，其实是寻找问题的第一性原理。
Nov 01 2024 12:58:55,283,7,9,26,2.9,0.869,0.898,0.963,3,1,0.1314,0.1022,0.0374,0.094,0.0159,元认知能力强的一个突出表现是：[.]换句话说，就是想尽一切办法让自己找出那个最重要的、唯一的选项，让自己在某一个时间段里只有一条路可以走。这道理很简单，既然权重都差不多，那么做哪件事都没有损失。犹豫不决，什么都想做又什么都做不好，才是最大的损失
Nov 01 2024 12:59:50,759,2,3,4,1.45,0.943,0.776,0.964,3,1,0.0574,0.2243,0.0363,0.0211,0.002,在变化的环境里，行动的跟进常常是迟缓的，我们会在新的环境中“与鬼共舞”。因此，我们应该构建信息优势，让自己及时看到环境的变化。  但是，知道和做到是两码事。正确的方法论（精益创业）和模仿[.]，能够让你在没有冒险基因的情况下，更好地把知道变为行动。
Nov 01 2024 12:59:58,341,4,5,7,1.49,0.89,0.911,0.929,3,1,0.1105,0.0892,0.0705,0.04,0.0072,从回答的思考方式看，简单的答案往往是根据自己的[.]做出回答；而有深度的答案往往依托于有实验验证或者数据分析支持的结论。
Nov 01 2024 13:00:09,368,16,37,79,2.15,0.634,0.131,0.872,3,1,0.3663,0.8691,0.1284,0.2378,0.1176,当然，尽管我们在强调简单的价值，但是还有两点要注意：  1.简单是有限度的。正如爱因斯坦所说：[.]。 2.有一些领域的系统就是十分复杂的，难以简化。换句话说，有些领域没有简单规律或者至少我们还没有找到关键规律，这个假设就不成立。
Nov 02 2024 08:35:04,249,49,71,183,2.58,0.621,0.896,0.982,3,1,0.3789,0.1045,0.0183,0.3607,0.1433,所谓心智带宽，就是[.]，它支撑着人的认知力、行动力和自控力。
Nov 02 2024 08:35:12,519,1,2,2,0.87,0.969,0.918,0.947,3,1,0.0306,0.0825,0.0532,-0.0225,-0.0019,如何对结论的可能适用范围和可能的局限会有更清晰的认识？  [.] 3.尝试用更加基本的原理来解释这个知识 这一步工作就到了寻找和建立临界知识的关键步骤。这一步骤，其实是寻找问题的第一性原理。
Nov 02 2024 08:35:35,329,19,3,1,0.42,0.807,0.885,0.925,2,0,0.8073,0.8853,0.9252,-0.1179,-0.2042,在我看来，一切的学习和努力无非三个目标：一是[.]问题，二是[.]问题，三是[.]问题。应该说，没有哪个人的学习会超过这个范畴，
Nov 02 2024 08:38:05,758,2,3,33,11.12,0.905,0.991,0.995,3,1,0.0955,0.0087,0.0054,0.09,0.0091,在变化的环境里，行动的跟进常常是迟缓的，我们会在新的环境中“与鬼共舞”。因此，我们应该构建信息优势，让自己及时看到环境的变化。  但是，知道和做到是两码事。[.]（精益创业）和模仿同级别最优秀人的做法，能够让你在没有冒险基因的情况下，更好地把知道变为行动。
Nov 02 2024 08:38:16,393,9,18,44,2.44,0.776,0.333,0.9,3,1,0.2243,0.6671,0.0996,0.1247,0.0404,如果要跳出简单的因果关系，进行更深入的系统思考，关键突破口是：从[.]”入手，而非从“事物”本身入手！
Nov 02 2024 08:38:39,375,18,42,91,2.17,0.615,0.105,0.868,3,1,0.3851,0.8951,0.1322,0.2529,0.1308,我把这种在需要抉择时，[.]称为应激性反应。 比如面对结婚是否买房的压力时，临近毕业找工作面对各种选择时……类似的情况太多太多，从中都会看到我们应激性反应的影子。而这种对单个事件本身做出反应的方式，进一步影响到我们生活中的其他决策，逐步促使我们形成了单因果的思考方式。换句话说，我们在考虑得失时，很容易陷入细节的问题或表象的问题里。
Nov 03 2024 08:23:24,329,1,1,4,4.26,0.966,0.901,0.941,3,1,0.0338,0.0992,0.0593,-0.0254,-0.0024,在我看来，一切的学习和努力无非三个目标：一是[.]问题，二是[.]问题，三是[.]问题。应该说，没有哪个人的学习会超过这个范畴，
Nov 03 2024 08:23:29,527,7,9,11,1.25,0.841,0.88,0.963,3,1,0.1585,0.1204,0.0373,0.1212,0.0237,有深度的认知能力是这样的：在寻求答案的时候，能够[.]
Nov 03 2024 08:23:33,197,27,34,32,0.94,0.856,0.897,0.897,3,1,0.1441,0.1035,0.1035,0.0407,0.0101,问题:通过[提取以手段来掌握知识]的现象称为什么？  [.]
Nov 03 2024 08:24:22,760,4,9,24,2.7,0.9,0.61,0.94,4,1,0.0998,0.3902,0.06,0.0397,0.0063,在变化的环境里，行动的跟进常常是迟缓的，我们会在新的环境中“与鬼共舞”。因此，我们应该构建[.]优势，让自己及时看到环境的变化。  但是，知道和做到是两码事。正确的方法论（精益创业）和模仿同级别最优秀人的做法，能够让你在没有冒险基因的情况下，更好地把知道变为行动。
Nov 03 2024 08:25:56,406,23,56,82,1.47,0.563,0.05,0.86,3,1,0.4373,0.9496,0.1399,0.2973,0.1716,什么是习惯性防卫？这是一种非常常见的心理学现象。[.]
Nov 04 2024 07:28:56,407,18,26,82,3.15,0.834,0.97,0.982,3,1,0.1665,0.0297,0.0183,0.1481,0.0274,从回答的思考方式看，简单的答案往往是根据自己的直观感受、情绪与经验做出回答；而有深度的答案往往依托于有[.]支持的结论。
Nov 04 2024 07:29:16,372,14,20,47,2.34,0.835,0.969,0.982,3,1,0.1645,0.0308,0.0178,0.1467,0.0267,反思不是总结，至少两者的侧重点非常不同。，而反思是[.]进行分析。
Nov 04 2024 07:29:21,277,7,9,14,1.51,0.903,0.894,0.964,3,1,0.0974,0.1057,0.0356,0.0617,0.0082,如何捕捉感性 感性能力虽然很厉害，但它看起来  虚无缥缈，我们该如何捕捉它呢？以下做法不妨参考一下。 （1）“最”字法。 （2）“总”字法。 （3）[.]。。 （4）梦境。 （5）身体。
Nov 04 2024 07:33:58,333,18,26,110,4.23,0.831,0.97,0.983,3,1,0.1692,0.0297,0.0174,0.1518,0.0283,1.从形式上看，简单的回答往往是对[.]做出回答；而深度回答却是在分析具体现象之后找出抽象规律。
Nov 04 2024 07:34:13,751,6,11,21,1.9,0.861,0.455,0.918,3,1,0.1386,0.5451,0.0822,0.0565,0.0125,刻意练习至少有两方面的重复：第一，在[.]中，重复应用同一个临界知识；第二，在不同的时间里，重复应用同一个临界知识。
Nov 04 2024 07:34:36,519,2,3,8,2.59,0.905,0.914,0.931,3,1,0.0955,0.0861,0.0693,0.0262,0.0043,如何对结论的可能适用范围和可能的局限会有更清晰的认识？  [.] 3.尝试用更加基本的原理来解释这个知识 这一步工作就到了寻找和建立临界知识的关键步骤。这一步骤，其实是寻找问题的第一性原理。
Nov 05 2024 07:31:11,156,55,74,163,2.2,0.561,0.9,0.984,3,1,0.4389,0.1001,0.0163,0.4226,0.1924,人生就是一场[.]的比赛，我们比拼的不仅仅是成长的速度，还有成长的模式。在这条赛道上，领先的群体都有意无意地做着同一件事：消除[.]。
Nov 05 2024 07:31:31,367,22,32,100,3.12,0.787,0.963,0.983,3,1,0.2132,0.0368,0.0169,0.1964,0.0452,3.从答案的效果上看，简单的答案往往只能用于解决一个特定的问题；而有深度的答案能够更[.]解决类似问题，启发我们由此及彼、由表及里地思考问题。
Nov 05 2024 07:31:36,379,9,13,24,1.83,0.753,0.825,0.825,3,1,0.2473,0.1754,0.1754,0.0719,0.0304,很多时候，复杂的世界是由[.]决定的(临界知识)。
Nov 05 2024 07:32:12,275,31,38,44,1.17,0.815,0.876,0.675,3,1,0.1849,0.124,0.3252,-0.1403,-0.0716,认知清晰，情绪平和，最终还要行动坚定。很多人把行动力不足的原因归结为环境干扰或是意志力弱，其实，行动力不足的真正原因是[.]。
Nov 05 2024 07:32:27,759,4,6,36,5.96,0.905,0.988,0.994,3,1,0.0955,0.0116,0.0058,0.0897,0.0091,在变化的环境里，行动的跟进常常是迟缓的，我们会在新的环境中“与鬼共舞”。因此，我们应该构建信息优势，让自己及时看到环境的变化。  但是，知道和做到是两码事。正确的方法论（精益创业）和模仿[.]，能够让你在没有冒险基因的情况下，更好地把知道变为行动。
Nov 06 2024 07:13:40,446,8,10,43,4.27,0.885,0.945,0.981,3,1,0.1154,0.0546,0.0189,0.0965,0.013,有深度的认知能力是这样的：在分析问题的时候，能够跳出问题本身思考[.]；
Nov 06 2024 07:14:17,444,10,4,1,0.25,0.8,0.832,0.953,2,0,0.7997,0.8323,0.9528,-0.1531,-0.2683,我把这种在需要抉择时，思考与决策受情绪和感受简单左右的过程称为[.]。 比如面对结婚是否买房的压力时，临近毕业找工作面对各种选择时……类似的情况太多太多，从中都会看到我们应激性反应的影子。而这种对单个事件本身做出反应的方式，进一步影响到我们生活中的其他决策，逐步促使我们形成了单因果的思考方式。换句话说，我们在考虑得失时，很容易陷入细节的问题或表象的问题里。
Nov 06 2024 07:14:41,533,8,3,1,0.38,0.669,0.742,0.707,1,0,0.6694,0.7419,0.7067,-0.0373,-0.0513,反思不是总结，至少两者的侧重点非常不同。总结是[.]
Nov 06 2024 07:14:50,551,11,22,42,1.89,0.764,0.236,0.887,3,1,0.2359,0.7642,0.1135,0.1224,0.0428,借钱给人从来都不是[.]，没什么不好意思的。你肯学习好好说话，把拒绝的话说得好听些，已经是在额外付出了。
Nov 06 2024 07:15:10,819,3,4,1,0.34,0.928,0.676,0.949,2,0,0.9281,0.6763,0.9495,-0.0214,-0.0402,3.为了构建安全空间，我们可以从三个思路出发：  （1）设计冗余备份，保证系统正常运作。 （2）提高[.]，减少极端事件的发生概率。 （3）提升系统的反脆弱性，增强系统对极端事件的应对能力。
Nov 07 2024 07:10:15,177,31,4,1,0.25,0.898,0.918,0.993,2,0,0.8983,0.9177,0.9928,-0.0945,-0.1787,本能脑和情绪脑虽然看起来很低级，但它们掌管着[.]，时刻掌控我们的视觉、听觉、触觉……调控着呼吸、心跳、血压……因此其运行速度极快，至少可达11 000 000次/秒，堪比当今世界上运行速度最快的个人计算机；
Nov 07 2024 07:10:26,329,4,6,6,1.08,0.791,0.864,0.812,3,1,0.2087,0.1362,0.1875,0.0212,0.0084,在我看来，一切的学习和努力无非三个目标：一是[.]问题，二是[.]问题，三是[.]问题。应该说，没有哪个人的学习会超过这个范畴，
Nov 07 2024 07:10:30,221,42,52,75,1.45,0.8,0.863,0.924,3,1,0.1997,0.1372,0.0762,0.1235,0.0341,如何制卡，我们的大脑的神经元，更喜欢通过什么方式获取知识？ [.]
Nov 07 2024 07:11:00,820,4,7,15,2.16,0.906,0.591,0.94,3,1,0.0945,0.4092,0.0605,0.034,0.0053,1.由于幂律分布定律，小概率事件会造成极端严重的后果。  2.为了避免此前的努力付之一炬，我们应该构建[.]，保证复利效应持续起作用。
Nov 07 2024 07:11:08,750,7,10,70,7,0.839,0.979,0.993,3,1,0.161,0.0214,0.0068,0.1542,0.0259,刻意练习至少有两方面的重复：第一，在不同的场景中，重复应用同一个临界知识；第二，在[.]里，重复应用同一个临界知识。
Nov 07 2024 07:12:06,444,1,1,3,2.85,0.971,0.9,0.942,3,1,0.0293,0.0999,0.058,-0.0287,-0.0025,我把这种在需要抉择时，思考与决策受情绪和感受简单左右的过程称为[.]。 比如面对结婚是否买房的压力时，临近毕业找工作面对各种选择时……类似的情况太多太多，从中都会看到我们应激性反应的影子。而这种对单个事件本身做出反应的方式，进一步影响到我们生活中的其他决策，逐步促使我们形成了单因果的思考方式。换句话说，我们在考虑得失时，很容易陷入细节的问题或表象的问题里。
Nov 07 2024 07:12:18,533,1,2,3,1.53,0.968,0.9,0.944,3,1,0.0319,0.0998,0.0565,-0.0246,-0.0022,反思不是总结，至少两者的侧重点非常不同。总结是[.]
Nov 07 2024 07:15:43,438,19,4,3,0.68,0.735,0.96,0.984,2,0,0.7352,0.9603,0.9835,-0.2483,-0.4268,在心理学上，有一个概念叫“认知失调”。[.]
Nov 07 2024 07:18:06,477,20,4,1,0.25,0.586,0.071,0.868,2,0,0.5862,0.0708,0.8681,-0.2819,-0.41,确实，有的人更加冒险，有的人更加保守。不过在我看来，这种差别更多来自我们对[.]。换句话说，如果乔伊丝的父亲事先可以知道送女儿去高中会让家族的命运发生改变的话，你觉得他会不会更勇敢 .
Nov 07 2024 07:18:40,737,1,1,3,2.53,0.974,0.935,0.987,3,1,0.0263,0.065,0.0129,0.0134,0.0005,导入组件
Nov 07 2024 07:18:45,819,1,2,3,1.47,0.971,0.9,0.945,3,1,0.0287,0.1002,0.0553,-0.0266,-0.0022,3.为了构建安全空间，我们可以从三个思路出发：  （1）设计冗余备份，保证系统正常运作。 （2）提高[.]，减少极端事件的发生概率。 （3）提升系统的反脆弱性，增强系统对极端事件的应对能力。
Nov 07 2024 07:18:48,302,13,23,43,1.86,0.901,0.972,0.983,3,1,0.0986,0.028,0.0167,0.0819,0.0094,像牛顿第二定律F=ma这样能够更广泛、更普遍地指导我们行动的重要而基本的规律，我称为“[.]”。
Nov 08 2024 07:41:10,53,45,55,128,2.33,0.86,0.949,0.984,3,1,0.1395,0.0513,0.0162,0.1233,0.0192,在你创建一个完型填空后，你可以点击按钮，或按下[.]查看你挖空的结果
Nov 08 2024 07:41:21,177,1,1,7,7.05,0.969,0.898,0.945,3,1,0.031,0.1016,0.0546,-0.0236,-0.002,本能脑和情绪脑虽然看起来很低级，但它们掌管着[.]，时刻掌控我们的视觉、听觉、触觉……调控着呼吸、心跳、血压……因此其运行速度极快，至少可达11 000 000次/秒，堪比当今世界上运行速度最快的个人计算机；
Nov 08 2024 07:41:35,141,12,15,26,1.73,0.893,0.922,0.949,3,1,0.1075,0.0779,0.0514,0.0561,0.0089,斜杠是提升[.]的结果，而不是追求多元的结果。
Nov 08 2024 07:41:54,740,3,5,10,2.04,0.924,0.687,0.954,3,1,0.0764,0.3129,0.0457,0.0307,0.0038,霍夫曼的ABZ计划里，B计划就是一个[.]，就像有了电梯仍然需要楼梯一样。
Nov 08 2024 07:42:11,341,7,8,17,2.1,0.877,0.945,0.983,3,1,0.1232,0.0547,0.017,0.1061,0.0149,从回答的思考方式看，简单的答案往往是根据自己的[.]做出回答；而有深度的答案往往依托于有实验验证或者数据分析支持的结论。
Nov 08 2024 07:45:34,821,5,4,1,0.36,0.873,0.542,0.935,2,0,0.8732,0.5422,0.9352,-0.062,-0.1121,1.由于幂律分布定律，[.]会造成极端严重的后果。  2.为了避免此前的努力付之一炬，我们应该构建安全空间，保证复利效应持续起作用。
Nov 08 2024 07:45:48,837,3,4,4,0.93,0.921,0.69,0.956,1,0,0.9208,0.6898,0.9562,-0.0354,-0.0664,而Z计划是我们的[.]：留下足够的钱，保证系统核心功能正常运作。
Nov 08 2024 07:47:00,477,1,2,2,1.03,0.971,0.898,0.946,3,1,0.0295,0.1019,0.0535,-0.0241,-0.002,确实，有的人更加冒险，有的人更加保守。不过在我看来，这种差别更多来自我们对[.]。换句话说，如果乔伊丝的父亲事先可以知道送女儿去高中会让家族的命运发生改变的话，你觉得他会不会更勇敢 .
Nov 08 2024 07:47:36,741,6,3,2,0.68,0.845,0.453,0.928,2,0,0.8447,0.4534,0.9285,-0.0838,-0.1486,“老年”这个概念并非他们的自觉意识，但其行为却因此有了改变。这个由概念影响行为的启动效应被称为[.]
Nov 09 2024 10:52:10,826,5,3,1,0.45,0.866,0.512,0.938,2,0,0.866,0.5118,0.9377,-0.0716,-0.1292,在介绍 Spring Framework 的 IoC 容器前，我们有必要先理解什么是“控制反转”。控制反转是一种[.]的模式。
Nov 09 2024 10:52:18,739,6,11,40,3.63,0.842,0.451,0.933,3,1,0.1579,0.5486,0.0674,0.0905,0.0204,3.为了构建安全空间，我们可以从三个思路出发：  （1）设计冗余备份，保证系统正常运作。 （2）提高决策质量，减少极端事件的发生概率。 （3）提升系统的[.]，增强系统对极端事件的应对能力。
Nov 09 2024 10:52:23,821,1,2,5,2.7,0.969,0.888,0.942,3,1,0.0306,0.1122,0.0577,-0.0271,-0.0024,1.由于幂律分布定律，[.]会造成极端严重的后果。  2.为了避免此前的努力付之一炬，我们应该构建安全空间，保证复利效应持续起作用。
Nov 09 2024 10:52:46,767,8,15,35,2.33,0.797,0.352,0.921,3,1,0.2034,0.6477,0.0788,0.1246,0.0352,尝试用更加基本的原理来解释这个知识 这一步工作就到了寻找和建立临界知识的关键步骤。这一步骤，其实是寻找问题的[.]。
Nov 11 2024 07:22:28,276,58,76,219,2.88,0.637,0.895,0.985,3,1,0.3628,0.1045,0.0152,0.3476,0.1314,突破阈值 比如广告行业就存在阈值效应：[.]我们在行动时也应如此，我们要专注、要持续行动，直到突破阈值，这样才能看到更高层次的风景（见图6-8）。  nce: #Title: 第六章　行动力――没有行动世界只是个概念 #Date: Imported on Aug 18_ 2024_ 22:16:16 #Source: Web import .
Nov 11 2024 07:22:34,826,2,3,4,1.27,0.941,0.823,0.91,3,1,0.0594,0.1775,0.0898,-0.0304,-0.0045,在介绍 Spring Framework 的 IoC 容器前，我们有必要先理解什么是“控制反转”。控制反转是一种[.]的模式。
Nov 11 2024 07:22:39,365,10,20,11,0.57,0.563,0.747,0.55,3,1,0.4365,0.2529,0.4497,-0.0132,-0.0117,我们的所有观点、结论，本质上都是一个假设。观点和结论的好坏，取决于[.]。
Nov 11 2024 07:27:55,438,4,6,4,0.74,0.888,0.656,0.833,3,1,0.1124,0.3445,0.1669,-0.0545,-0.0152,在心理学上，有一个概念叫“认知失调”。[.]
Nov 11 2024 07:27:58,888,2,3,4,1.42,0.947,0.78,0.97,3,1,0.0535,0.22,0.0297,0.0238,0.002,平辈论交，我们无权评判他人，但当然有权[.]。
Nov 11 2024 07:29:00,477,3,4,9,2.21,0.877,0.897,0.924,3,1,0.1234,0.103,0.0756,0.0478,0.0095,确实，有的人更加冒险，有的人更加保守。不过在我看来，这种差别更多来自我们对[.]。换句话说，如果乔伊丝的父亲事先可以知道送女儿去高中会让家族的命运发生改变的话，你觉得他会不会更勇敢 .
Nov 11 2024 07:29:21,444,4,6,8,1.39,0.791,0.861,0.853,3,1,0.2087,0.1388,0.1467,0.0621,0.0221,我把这种在需要抉择时，思考与决策受情绪和感受简单左右的过程称为[.]。 比如面对结婚是否买房的压力时，临近毕业找工作面对各种选择时……类似的情况太多太多，从中都会看到我们应激性反应的影子。而这种对单个事件本身做出反应的方式，进一步影响到我们生活中的其他决策，逐步促使我们形成了单因果的思考方式。换句话说，我们在考虑得失时，很容易陷入细节的问题或表象的问题里。
Nov 11 2024 07:30:09,533,4,6,14,2.42,0.818,0.861,0.861,3,1,0.1818,0.1389,0.1392,0.0426,0.0137,反思不是总结，至少两者的侧重点非常不同。总结是[.]
Nov 11 2024 07:30:21,847,5,9,18,2,0.872,0.514,0.94,3,1,0.1279,0.4856,0.0602,0.0678,0.0127,如果你记不清楚某个陈述的来源，也无法将其与自己知道的事物联系起来，这时你就别无选择，只能跟着[.让你相信.]的感觉走了。
Nov 11 2024 07:31:34,880,3,4,1,0.25,0.92,0.672,0.958,2,0,0.9201,0.6717,0.9579,-0.0378,-0.0709,其次，要怎么避免给人留下漠不关心的印象呢？那就是在安慰的时候，最好强调人，用“这件事对你真可惜，但[.]”来取代“别难过，这件事根本不重要”。
Nov 11 2024 07:31:37,819,4,6,17,2.81,0.818,0.862,0.869,3,1,0.1818,0.1382,0.1309,0.051,0.0159,3.为了构建安全空间，我们可以从三个思路出发：  （1）设计冗余备份，保证系统正常运作。 （2）提高[.]，减少极端事件的发生概率。 （3）提升系统的反脆弱性，增强系统对极端事件的应对能力。
Nov 11 2024 07:32:10,146,20,4,3,0.63,0.86,0.932,0.966,2,0,0.8601,0.9322,0.9657,-0.1056,-0.1928,第二，教别人的过程，为什么是一个强化记忆和认识的过程？（场景）   [.]
Nov 11 2024 07:32:28,818,8,15,33,2.18,0.802,0.328,0.921,3,1,0.1976,0.6719,0.0791,0.1185,0.0328,3.为了构建安全空间，我们可以从三个思路出发：  （1）设计[.]，保证系统正常运作。 （2）提高决策质量，减少极端事件的发生概率。 （3）提升系统的反脆弱性，增强系统对极端事件的应对能力。
Nov 11 2024 07:32:35,737,4,6,54,8.98,0.791,0.981,0.994,3,1,0.2087,0.0187,0.0065,0.2023,0.0435,导入组件
Nov 11 2024 07:35:04,741,3,3,3,1.07,0.906,0.73,0.886,2,0,0.9059,0.7297,0.8856,0.0203,0.0364,“老年”这个概念并非他们的自觉意识，但其行为却因此有了改变。这个由概念影响行为的启动效应被称为[.]
Nov 12 2024 07:54:29,264,21,25,30,1.19,0.877,0.913,0.943,3,1,0.1234,0.0871,0.0572,0.0662,0.012,这个规律表明，学习进展与时间的是一种[.]
Nov 12 2024 07:54:49,837,4,6,5,0.77,0.879,0.656,0.738,3,1,0.1212,0.3443,0.262,-0.1409,-0.054,而Z计划是我们的[.]：留下足够的钱，保证系统核心功能正常运作。
Nov 12 2024 07:55:43,816,9,18,42,2.35,0.766,0.28,0.916,3,1,0.234,0.7203,0.0845,0.1495,0.0476,我们对一个人性格特征的观察顺序是随机的。然而，顺序的确很重要，因为光环效应注重[.]，而后续信息在很大程度上都被消解掉了。
Nov 12 2024 07:55:48,519,8,11,12,1.1,0.769,0.878,0.838,3,1,0.2312,0.1225,0.162,0.0692,0.0272,如何对结论的可能适用范围和可能的局限会有更清晰的认识？  [.] 3.尝试用更加基本的原理来解释这个知识 这一步工作就到了寻找和建立临界知识的关键步骤。这一步骤，其实是寻找问题的第一性原理。
Nov 12 2024 07:57:20,322,12,14,32,2.3,0.845,0.895,0.91,3,1,0.1549,0.1053,0.0901,0.0648,0.0159,那么，为什么这些可信度高、适用范围广的结论更容易产生临界知识呢？  这个问题要从临界知识的本质特征说起。 其实临界知识的思想核心是用[.]。 简言之，就是解决问题最稳妥的办法是拿可信度更高的方法去处理问题。
Nov 12 2024 07:57:25,886,3,5,20,4,0.915,0.663,0.958,3,1,0.0849,0.3367,0.0419,0.043,0.0055,奥辛・瓦塔尼安（Oshin Vartanian）比较和分析了诺贝尔奖获得者和其他杰出科学家的日常工作流程，得出的结论是，他们与普通人的区别不是不懈的关注，而是[.]。“具体来说，杰 .
Nov 12 2024 07:58:14,844,7,13,39,3,0.814,0.378,0.926,3,1,0.1858,0.6217,0.0735,0.1122,0.0291,有了想法[.]，就等于没想法，而无法重现的论据也根本算不上论据。
Nov 13 2024 07:39:56,237,21,25,43,1.72,0.868,0.916,0.945,3,1,0.1322,0.0839,0.0552,0.077,0.0144,在拉伸区练习要保证有关注点，越多越细致，注意力越集中 为了跳出舒适区的最好办法就是[.]如单词中出错的单词，试卷不会做的题目
Nov 13 2024 07:40:12,329,6,8,21,2.65,0.916,0.921,0.976,3,1,0.0841,0.0787,0.0241,0.0599,0.0065,在我看来，一切的学习和努力无非三个目标：一是[.]问题，二是[.]问题，三是[.]问题。应该说，没有哪个人的学习会超过这个范畴，
Nov 13 2024 07:40:22,872,6,11,22,2,0.839,0.418,0.931,3,1,0.1609,0.5815,0.0691,0.0918,0.0211,归根到底，当你指手画脚地评判他人的时候（你怎么XXX），无论评价是正面还是负面的，传递给他人的潜台词都是“[.]”。在与人平等沟通时这么做，当然就会得罪人了。
Nov 15 2024 07:07:05,177,7,12,10,0.82,0.654,0.778,0.715,3,1,0.3456,0.2224,0.2848,0.0608,0.0383,本能脑和情绪脑虽然看起来很低级，但它们掌管着[.]，时刻掌控我们的视觉、听觉、触觉……调控着呼吸、心跳、血压……因此其运行速度极快，至少可达11 000 000次/秒，堪比当今世界上运行速度最快的个人计算机；
Nov 15 2024 07:07:10,888,4,9,69,7.67,0.916,0.987,0.994,4,1,0.0841,0.0127,0.0058,0.0783,0.007,平辈论交，我们无权评判他人，但当然有权[.]。
Nov 15 2024 07:07:30,146,4,6,7,1.11,0.883,0.678,0.785,3,1,0.117,0.3218,0.2155,-0.0985,-0.0327,第二，教别人的过程，为什么是一个强化记忆和认识的过程？（场景）   [.]
Nov 15 2024 07:07:49,821,6,10,14,1.37,0.74,0.829,0.94,3,1,0.2599,0.1709,0.0603,0.1996,0.0639,1.由于幂律分布定律，[.]会造成极端严重的后果。  2.为了避免此前的努力付之一炬，我们应该构建安全空间，保证复利效应持续起作用。
Nov 15 2024 07:07:55,239,32,38,118,3.1,0.839,0.942,0.984,3,1,0.161,0.0577,0.0157,0.1454,0.0257,理智脑的特点是运行的速度[.]，并且[.]
Nov 15 2024 07:08:37,838,10,20,29,1.44,0.753,0.234,0.91,3,1,0.2472,0.7662,0.0896,0.1576,0.0531,A计划，是你目前能够[.]，并且值得[.]的工作，例如你现在的工作。
Nov 15 2024 07:09:04,741,4,3,1,0.33,0.857,0.657,0.788,2,0,0.8573,0.6573,0.7883,0.069,0.1135,“老年”这个概念并非他们的自觉意识，但其行为却因此有了改变。这个由概念影响行为的启动效应被称为[.]
Nov 15 2024 07:09:31,527,12,3,2,0.8,0.865,0.936,0.936,2,0,0.8647,0.9355,0.9355,-0.0708,-0.1275,有深度的认知能力是这样的：在寻求答案的时候，能够[.]
Nov 15 2024 07:09:37,805,4,7,13,1.88,0.878,0.558,0.946,3,1,0.1218,0.4423,0.0536,0.0682,0.012,蔡格尼克成功发现了现在被称为“蔡格尼克效应”的现象，即[.]
Nov 15 2024 07:10:08,885,6,3,4,1.27,0.82,0.424,0.932,1,0,0.8197,0.4235,0.9315,-0.1118,-0.1958,[.]比较和分析了诺贝尔奖获得者和其他杰出科学家的日常工作流程，得出的结论是，他们与普通人的区别不是不懈的关注，而是灵活的关注
Nov 15 2024 07:10:14,826,4,6,9,1.51,0.905,0.899,0.921,3,1,0.0955,0.1006,0.0793,0.0161,0.0028,在介绍 Spring Framework 的 IoC 容器前，我们有必要先理解什么是“控制反转”。控制反转是一种[.]的模式。
Nov 15 2024 07:11:01,768,14,3,1,0.33,0.614,0.132,0.902,1,0,0.6145,0.1317,0.902,-0.2875,-0.4361,雅各比巧妙地阐述了这个问题：“熟悉感有着简单而又强烈的‘[.]，这似乎说明这种感觉是对过往经历的一种直接反应。”其一大特性便是错觉。
Nov 15 2024 07:11:28,309,25,37,73,1.97,0.784,0.922,0.961,3,1,0.2164,0.0779,0.039,0.1774,0.0453,“损失规避效应”是[.]
Nov 15 2024 07:12:00,882,6,3,1,0.33,0.82,0.518,0.945,1,0,0.8196,0.5179,0.9452,-0.1255,-0.2215,心理学家所说的“[.]”，即重复某件事情，或某个事物会让你发生喜欢，总而让你的认知相信你做的很好，而并不考虑你的实际表现
Nov 15 2024 07:12:48,839,10,3,1,0.34,0.711,0.331,0.928,2,0,0.7114,0.3308,0.9276,-0.2162,-0.3544,其次，我们的生活和教育经历也缺乏这种训练。我们从小学到大学的教育，都是给定我们一个问题，去找出正确答案。  而要培养预见性的认知，更重要的是培养[.]的能力――多问“为什么”，掌握背后的规律，才能形成预见性
Nov 15 2024 07:12:53,306,15,22,22,1,0.666,0.807,0.918,3,1,0.3343,0.1932,0.0825,0.2518,0.105,如何获取关联能力 成为大师并不神奇，只要开启了暗箱，我们也有机会成为大师。关联能力能够让人加速演化，获取杠杆。结合上文，我们很容易梳理出几条实现路径。 [.]。如果你对某件事情没有 .
Nov 15 2024 07:13:06,843,10,21,25,1.21,0.714,0.368,0.933,3,1,0.286,0.6324,0.0669,0.2192,0.0774,有了想法只有自己知道，就等于没想法，而[.]的论据也根本算不上论据。
Nov 16 2024 07:46:16,882,1,2,2,1.16,0.964,0.898,0.95,3,1,0.0359,0.1023,0.05,-0.0141,-0.0012,心理学家所说的“[.]”，即重复某件事情，或某个事物会让你发生喜欢，总而让你的认知相信你做的很好，而并不考虑你的实际表现
Nov 16 2024 07:46:26,741,1,2,6,2.84,0.958,0.898,0.951,3,1,0.0417,0.1025,0.0493,-0.0076,-0.0007,“老年”这个概念并非他们的自觉意识，但其行为却因此有了改变。这个由概念影响行为的启动效应被称为[.]
Nov 16 2024 07:47:18,768,1,2,4,1.85,0.964,0.898,0.952,3,1,0.0357,0.1024,0.0483,-0.0126,-0.0011,雅各比巧妙地阐述了这个问题：“熟悉感有着简单而又强烈的‘[.]，这似乎说明这种感觉是对过往经历的一种直接反应。”其一大特性便是错觉。
Nov 16 2024 07:47:54,774,14,33,44,1.33,0.631,0.228,0.919,3,1,0.3692,0.7721,0.0806,0.2886,0.1298,“买时间”策略  时间既是阻碍沟通最大的绊脚石，也是成就沟通最好的催化剂。所以在沟通中，我们最需要的往往是为自己赢得时间，才能让人家愿意听我们好好说话。 在此，我们要介绍一个“买时间”的小技巧。 什么叫“买时间”呢？简单说，就是在对方不给我们足够时间说话的时候，先别忙着去埋头想自己要讲什么，而要先去思考――[.]？
Nov 16 2024 07:48:10,839,1,2,5,2.66,0.965,0.898,0.953,3,1,0.0351,0.1023,0.0474,-0.0123,-0.001,其次，我们的生活和教育经历也缺乏这种训练。我们从小学到大学的教育，都是给定我们一个问题，去找出正确答案。  而要培养预见性的认知，更重要的是培养[.]的能力――多问“为什么”，掌握背后的规律，才能形成预见性
Nov 16 2024 07:54:41,877,8,16,33,2.09,0.77,0.358,0.932,3,1,0.2301,0.6419,0.0678,0.1623,0.0484,卢曼笔记法是[.]地开发主题，然后在卡片盒中不断地添加笔记，基于这个卡片盒，通过排序相关笔记的链接，来对一个主题进行整理。
Nov 17 2024 08:00:30,125,49,62,137,2.21,0.816,0.897,0.986,3,1,0.1842,0.1035,0.014,0.1702,0.0337,小明:有些书就是很难读，有些文章就是很难写，有些知识就是很难懂，有些技能就是很难学……真正能让你变强的东西，其核心困难是无法回避的，不下决心与之死磕，始终在周围打转，时间越长越焦虑。 小明这是产生了什么？[.]
Nov 17 2024 08:00:41,527,2,3,10,3.35,0.926,0.808,0.853,3,1,0.0742,0.1922,0.1471,-0.0729,-0.0161,有深度的认知能力是这样的：在寻求答案的时候，能够[.]
Nov 17 2024 08:00:49,370,26,33,54,1.65,0.799,0.875,0.93,3,1,0.2009,0.1251,0.0697,0.1312,0.0355,人与人之间的差距不是来自年龄，甚至不是来自经验，而是来自[.]的能力。
Nov 17 2024 08:01:04,878,9,25,35,1.42,0.747,0.306,0.927,4,1,0.2532,0.6939,0.0729,0.1803,0.0588,这里所谓的容器，就是用来[.]的地方。
Nov 17 2024 08:02:15,925,2,3,14,4.73,0.937,0.76,0.972,3,1,0.0627,0.2399,0.0282,0.0346,0.0031,教育心理学家科斯婷・罗卡（Kirsti Lonka）比较了非常成功的博士生、博士申请人与那些不太成功者的阅读方法，他们之间关键的区别就在于有没有[.]的思考能力
Nov 17 2024 08:03:53,773,15,34,73,2.16,0.621,0.14,0.911,3,1,0.3788,0.8597,0.0893,0.2895,0.1355,“买时间”策略  时间既是阻碍沟通最大的绊脚石，也是成就沟通最好的催化剂。所以在沟通中，我们最需要的往往是为自己赢得时间，才能让人家愿意听我们好好说话。 在此，我们要介绍一个“买时间”的小技巧。 什么叫“买时间”呢？简单说，就是在[.]的时候，先别忙着去埋头想自己要讲什么，而要先去思考――如何才能让别人愿意花更多的时间听？
Nov 17 2024 08:05:49,438,6,9,25,2.74,0.928,0.904,0.946,3,1,0.0725,0.096,0.054,0.0185,0.0023,在心理学上，有一个概念叫“认知失调”。[.]
